id,domain,status,purchase_price,renewal_price,attractiveness,demand,length,registrar,created_at,expires_at,status_verified_at
1be436f7-d4a7-4f64-8ac8-285ce7c11f1e,straight.house,available,12.98,55.98,high,low,8,namecheap,,,14/08/2026 08:46
381839b1-f6f6-49b0-8a63-6f3fd3305787,purau.house,available,12.98,55.98,medium,low,5,namecheap,,,21/09/2026 22:02
cb279a73-aa51-40fd-85ca-73768e97158d,allotropic.house,available,12.98,55.98,medium,low,10,namecheap,,,
bb7c6c67-080a-4b9e-b621-1b1be953a45c,emmet.house,available,19.99,44.49,medium,low,5,namesilo,,,19/09/2026 12:15
bfbb55c1-600d-45b6-949b-1da41073e987,barns.house,available,19.99,44.49,medium,low,5,namesilo,,,20/09/2026 22:46
dfb4793c-6be4-4b24-b11b-2a9464a3669a,hips.house,available,11.59,35.39,medium,low,4,spaceship,,,28/09/2026 22:48
a1b804d6-487f-42cf-b574-621e4875c8e9,spear.house,available,19.99,44.49,medium,low,5,namesilo,,,28/09/2026 09:46
9a2ffbe2-a1f8-498c-9221-3e09e7fc8086,undertaking.house,available,11.59,35.39,high,low,11,spaceship,,,29/09/2026 21:13
c6722c8f-251b-4ebc-bc2b-a8df6f206726,traitor.house,available,15.2,36.6,high,low,7,dynadot,,,27/09/2026 13:08
f6e67502-d899-4fd7-8abe-2d6471401ca5,endlessly.house,available,12.98,55.98,high,low,9,namecheap,,,14/09/2026 06:09
22f50662-90f7-4935-8f31-3cacd7b99a00,mystify.house,available,19.99,44.49,high,low,7,namesilo,,,21/09/2026 17:29
b5a8d120-f2f2-498b-af43-444738264863,homegrown.house,available,34.2,34.2,high,low,9,cloudflare,,,30/09/2026 04:34
95cacee9-dfe2-44e0-9dc0-5bbb0a066c6b,zoe.house,available,11.59,35.39,high,low,3,spaceship,,,27/09/2026 18:59
c9804ad6-1631-40cb-8141-9916957fa707,vegetation.house,available,18.5,,high,low,10,unstoppable,,,29/09/2026 11:45
95cf3a67-35e9-4bba-b732-8983ffd2099e,objected.house,available,19.99,44.49,medium,low,8,namesilo,,,18/09/2026 23:50
44eaccd7-1a19-4830-ad0c-36a3c21c672e,amharic.house,available,12.98,55.98,medium,low,7,namecheap,,,
99d7286d-7c0a-4807-b631-5b0142517df9,gnomish.house,available,12.98,55.98,medium,low,7,namecheap,,,20/08/2026 15:45
d8827768-02b2-400f-8c8d-39ef1c04f2e6,waverley.house,available,15.2,36.6,medium,low,8,dynadot,,,29/09/2026 09:35
1088c4f7-2db6-4060-b0ba-f13f7de85de3,glaswegian.house,available,12.98,55.98,medium,low,10,namecheap,,,20/08/2026 14:14
fc6a7f4b-3cd1-4eb3-b1dd-ca9055528789,brushes.house,available,19.99,44.49,medium,low,7,namesilo,,,30/09/2026 00:37
e4ffe1d9-4b76-42e5-93db-725206ecb931,caller.house,available,12.98,55.98,high,low,6,namecheap,,,11/08/2026 14:28
780347a8-9959-4d75-890d-83baafa6de87,completely.house,available,12.98,55.98,high,low,10,namecheap,,,22/09/2026 00:16
a3ebcb4a-4c11-48b8-889f-f224830c3e45,cheesecakes.house,available,12.98,55.98,medium,low,11,namecheap,,,08/09/2026 07:37
76f5111d-2d06-4ea7-9c62-aaf026a58224,kazakh.house,available,19.99,44.49,high,low,6,namesilo,,,28/09/2026 14:39
e2def211-ff40-438e-ba26-1fe58ff6349c,phallic.house,available,12.98,55.98,medium,low,7,namecheap,,,08/09/2026 18:31
eeaf4ee7-44b5-4ad3-ba73-d4fc6fb0b845,smug.house,available,12.98,55.98,medium,low,4,namecheap,,,10/09/2026 02:05
1c50b1aa-e72b-4178-8bb4-749ed67895af,aquarium.house,available,19.99,44.49,high,low,8,namesilo,,,19/09/2026 23:02
a8de8065-a60a-4537-bca5-0e8a59a36a2d,crinoid.house,available,12.98,55.98,medium,low,7,namecheap,,,13/08/2026 06:58
009399bf-1bee-462b-9800-2f2cfab982b2,draft.house,resell,,,high,low,5,Dynadot Inc,02/01/2019 23:24,02/01/2027 23:24,26/09/2026 05:40
8d1bcc00-0a05-4dfe-b0d2-6242da0982b5,nobility.house,available,19.99,44.49,high,low,8,namesilo,,,20/09/2026 05:50
d09b0ae0-7b02-43cb-9d14-5632d8173393,subaquatic.house,available,12.98,55.98,medium,low,10,namecheap,,,10/09/2026 23:28
4dd2a25a-4d55-4993-a90f-b2fc150bb059,blindness.house,available,15.2,36.6,medium,low,9,dynadot,,,29/09/2026 17:58
08b78685-df92-4823-917f-bd0142452d27,lockbox.house,available,34.2,34.2,high,low,7,cloudflare,,,29/09/2026 14:03
21571c20-e57c-450e-859f-93b5a222b524,tess.house,available,11.59,35.39,medium,low,4,spaceship,,,28/09/2026 21:56
75e814d7-f1a4-4eaf-a0e2-36b1cdda4c34,roadless.house,available,12.98,55.98,medium,low,8,namecheap,,,08/09/2026 10:27
9454d10b-659e-4d07-9433-dd7c94ea2085,disapproval.house,available,27.99,,medium,low,11,name.com,,,
065d88c6-5005-41ad-af05-adb3b5a12f31,gaston.house,available,19.99,44.49,high,low,6,namesilo,,,25/09/2026 12:38
e8799684-99a4-4291-9d5f-a2e20f782e78,aeneid.house,available,19.99,44.49,medium,low,6,namesilo,,,17/09/2026 12:28
d5257c2e-c657-4355-a24d-2e928fa4725b,rotting.house,available,11.59,35.39,medium,low,7,spaceship,,,29/09/2026 20:13
fc777424-1d5f-4fdf-b4ec-d2c78b25e8f9,ruffled.house,available,12.98,55.98,medium,low,7,namecheap,,,18/08/2026 15:53
7432e95a-c42f-442c-b3bc-f493a1d405ba,haply.house,available,12.98,55.98,medium,low,5,namecheap,,,14/09/2026 04:36
6957661d-7aff-4a08-ab7d-0fbbf5501149,isidore.house,available,11.59,35.39,medium,low,7,spaceship,,,30/09/2026 00:09
3d0136b6-123b-41e2-94be-469a725dd32c,wholly.house,available,12.98,55.98,high,low,6,namecheap,,,
84255a94-cc69-4169-8960-2b21d5f3d4e1,guffaw.house,available,19.99,44.49,high,low,6,namesilo,,,23/09/2026 06:41
72669540-1be9-4240-97cc-91ae85a0fe76,slanting.house,available,12.98,55.98,medium,low,8,namecheap,,,07/08/2026 04:20
bf03da63-071e-4d66-aacd-84cf3ad6f52a,dividing.house,available,19.99,44.49,medium,low,8,namesilo,,,29/09/2026 08:50
f628bb5c-5980-4543-98dc-e33a72d52adc,efficient.house,premium,66.5,78.54,high,low,9,unstoppable,,,28/09/2026 14:50
42ac817e-c0d3-46db-ae20-ffcab9f1a00a,rubbed.house,available,12.98,55.98,medium,low,6,namecheap,,,17/09/2026 07:54
e8f860b2-10dd-461b-a72c-0663f2a06765,poulet.house,available,12.98,55.98,medium,low,6,namecheap,,,12/08/2026 04:55
70a4b1a7-f952-4ba5-9360-532c0b1cf297,videogames.house,available,34.2,34.2,medium,low,11,cloudflare,,,28/09/2026 06:42
8bda8217-e7cb-4b83-b954-f44c79b86e4e,sounds.house,available,19.99,44.49,high,low,6,namesilo,,,25/09/2026 17:10
938010f9-95af-4a99-8ac2-3f1c2fafedff,coroner.house,available,19.99,44.49,medium,low,7,namesilo,,,28/09/2026 09:27
c10b2cc1-5562-4a54-80ca-0d6ae0083aa1,unwed.house,available,12.98,55.98,medium,low,5,namecheap,,,12/09/2026 22:35
84fbbd8d-70e8-43a5-a434-6e5b5ec01876,loverly.house,available,12.98,55.98,high,low,7,namecheap,,,24/08/2026 10:16
ca4f0b0a-4fb4-400a-afbd-751a58aed338,barramundi.house,available,19.99,44.49,medium,low,10,namesilo,,,20/09/2026 14:04
c4499499-1bd9-4bc2-812f-f1d2e6ce3503,stylised.house,available,12.98,55.98,medium,low,8,namecheap,,,12/08/2026 23:48
64626c68-c41a-4fa2-9198-3d1a038af3cf,shaped.house,available,12.98,55.98,high,low,6,namecheap,,,25/08/2026 03:44
7ff3279a-fe5c-4c2b-bd11-7e364fd0154b,aetna.house,available,11.59,35.39,high,low,5,spaceship,,,30/09/2026 21:49
203bc034-7dcb-45ef-b30e-7315a4fb7c25,mooch.house,available,12.98,55.98,medium,low,5,namecheap,,,11/08/2026 09:27
c6b25f8b-3a32-46d3-bac5-510f2fe2e068,amorist.house,available,19.99,44.49,medium,low,7,namesilo,,,18/09/2026 22:43
3c034a97-ebca-4414-be0d-cc5ec5039bfd,contemplation.house,available,19.99,44.49,medium,low,13,namesilo,,,16/09/2026 21:40
d36c35a4-97e6-48c6-82e5-424c590057f3,sacramento.house,resell,,,high,low,10,,,,29/09/2026 18:11
8e36c25d-7ba5-451e-bc74-5a480ece4f9c,factually.house,available,12.98,55.98,medium,low,9,namecheap,,,14/09/2026 17:27
e8ba040e-35b5-44e1-b182-21a368bf8e9d,ascaris.house,available,19.99,44.49,medium,low,7,namesilo,,,20/09/2026 13:03
a02f7e2d-01c7-42e5-815c-96284f2de385,eighties.house,available,19.99,44.49,high,low,8,namesilo,,,16/09/2026 12:00
3acf1a96-e955-4769-9f4f-53e36acb375b,painless.house,available,12.98,55.98,high,low,8,namecheap,,,04/09/2026 23:04
d334a4d2-485b-4e90-bcfa-bb03f369b870,bibos.house,available,19.99,44.49,low,low,5,namesilo,,,23/09/2026 13:02
fb062ac7-a957-4a67-8cd1-f32c31ebcb5b,mathematical.house,available,18.5,,medium,low,12,unstoppable,,,28/09/2026 21:06
bbca1b91-c66e-4875-b274-765c55fffa7b,crowell.house,available,34.2,34.2,medium,low,7,cloudflare,,,29/09/2026 09:14
3c6cc622-3f04-4059-ab15-9108023ff442,bantu.house,available,12.98,55.98,medium,low,5,namecheap,,,08/08/2026 14:50
e7e9a0a3-2e73-427e-b13e-fe941ca56c2a,marvelous.house,available,12.98,55.98,high,low,9,namecheap,,,25/09/2026 00:13
40d1859a-757e-456e-944f-b24b289e339b,getaways.house,available,12.98,55.98,medium,low,8,namecheap,,,20/09/2026 18:37
292fbb7e-3877-496c-8fcd-a1e830403b71,loftily.house,available,12.98,55.98,medium,low,7,namecheap,,,15/09/2026 12:38
ad3dce33-1106-421a-91e5-a2268f4f8a78,superbly.house,available,19.99,44.49,medium,low,8,namesilo,,,28/09/2026 10:44
ca63cbe4-17bf-4bbb-8d2c-6ad449bffa4d,balderdash.house,available,12.98,55.98,medium,low,10,namecheap,,,21/09/2026 21:39
8cafa993-c4f8-4455-9067-ae70acef3f32,filaria.house,available,19.99,44.49,medium,low,7,namesilo,,,18/09/2026 06:14
0329f212-278f-433f-beb5-27fc1e43b2a3,yeast.house,available,19.99,44.49,high,low,5,namesilo,,,22/09/2026 06:34
d1a96acc-f2a1-4901-9f03-0c5cf2c4e4af,relevantly.house,available,12.98,55.98,medium,low,10,namecheap,,,15/09/2026 22:59
2644bc9f-4588-40d1-902d-6ffbaae09c07,temples.house,available,19.99,44.49,medium,low,7,namesilo,,,29/09/2026 15:51
1c759ac2-d57c-4e74-a90c-3862e0ad3e81,scientists.house,available,19.99,44.49,medium,low,10,namesilo,,,27/09/2026 11:19
7e7b27b5-f4c8-476d-965a-9697792d7f20,subarctic.house,available,12.98,55.98,medium,low,9,namecheap,,,10/09/2026 23:36
cec887d2-ce50-444f-b9e9-80452aed821c,rep.house,premium,128.7,128.7,high,low,3,namecheap,,,30/09/2026 09:50
8abdb6fd-8f28-4ae2-af26-eb9d843c296f,simpler.house,available,27.99,,high,low,7,name.com,,,
9b482a22-60f2-4a90-b641-f6114cd5597c,xvii.house,available,12.98,55.98,medium,low,4,namecheap,,,21/09/2026 11:53
da530389-ce9a-4422-bd14-9f06c824818b,marne.house,available,19.99,44.49,medium,low,5,namesilo,,,29/09/2026 15:38
0ff81e42-f8f3-46a5-a62c-467eac646e43,pinch.house,available,34.2,34.2,high,low,5,cloudflare,,,28/09/2026 22:16
4d896b08-6245-4598-88c0-438c3f7b26fe,amicable.house,available,12.98,55.98,high,low,8,namecheap,,,22/09/2026 04:19
cb600bea-0272-480f-b3fb-6ded1e5f5a5f,awning.house,available,19.99,44.49,high,low,6,namesilo,,,21/09/2026 10:12
1360edda-419e-4305-94a0-d479f3dabaaf,defaults.house,available,19.99,44.49,low,low,8,namesilo,,,21/09/2026 07:23
c82917f2-a31b-4e95-b7cc-13745d79f2c6,chorally.house,available,12.98,55.98,medium,low,8,namecheap,,,14/09/2026 06:49
57882aa3-b854-4978-8676-862a5c8a2ba9,paulson.house,available,34.2,34.2,medium,low,7,cloudflare,,,30/09/2026 13:15
598d9ec8-cb69-42fd-bebf-bbb9523c71c6,cooperating.house,available,19.99,44.49,medium,low,11,namesilo,,,30/09/2026 07:38
f216b9e1-bd58-4e25-a74b-7a7f5f0da5f9,managers.house,available,19.99,44.49,medium,low,8,namesilo,,,20/09/2026 10:01
de60e4dd-4912-438a-abfe-0bad176c2f25,carelessly.house,available,12.98,55.98,medium,low,10,namecheap,,,14/09/2026 05:19
3566e3d9-82e0-4d5d-a253-cdb653ab90c5,recap.house,available,34.2,34.2,high,low,5,cloudflare,,,30/09/2026 09:13
1b01c799-3faa-4104-916a-2c0be96035c5,affray.house,available,12.98,55.98,medium,low,6,namecheap,,,17/09/2026 14:43
137c4050-b87e-4aca-9b55-fe47765f7831,lifelike.house,available,12.98,55.98,high,low,8,namecheap,,,23/08/2026 01:41
cf174f13-ecf1-44ea-9222-ba4df19e6cf3,craniate.house,available,12.98,55.98,medium,low,8,namecheap,,,13/09/2026 04:37
d6bdf9e1-4a6a-43c0-8cb6-c25f51cebc0b,acres.house,available,19.99,44.49,high,low,5,namesilo,,,17/09/2026 02:56
b400925e-c243-41ad-a8f5-185e24cfb009,anon.house,available,12.98,55.98,high,low,4,namecheap,,,13/09/2026 20:01
c67ab988-290b-4b96-bb91-4bab6f91ac45,obey.house,available,34.2,34.2,high,low,4,cloudflare,,,30/09/2026 20:37
c19c94b7-c3b2-4cb8-ba2b-467521f5a7cf,subacid.house,available,12.98,55.98,medium,low,7,namecheap,,,10/09/2026 23:22
35a37028-cb67-4be6-a775-4a90c5d23f7b,drily.house,available,12.98,55.98,medium,low,5,namecheap,,,14/09/2026 14:23
b08b09d0-ae52-4082-95cc-f6d8df9f414d,cockpit.house,available,19.99,44.49,high,low,7,namesilo,,,29/09/2026 10:12
8f50de4a-27c7-4b6b-ab48-a735e34dc183,martial.house,available,12.98,55.98,high,low,7,namecheap,,,24/08/2026 16:36
a46844cc-9d80-4fe7-93b8-45ca18746ab6,regularly.house,available,12.98,55.98,medium,low,9,namecheap,,,15/09/2026 17:25
9e35aec7-52e3-4e54-9ef1-9fff0fb2abf4,hid.house,available,12.98,55.98,medium,low,3,namecheap,,,26/09/2026 03:17
891c3a93-98a8-41c3-b3c7-db1fc6f3fb2d,subsidiaries.house,available,19.99,44.49,medium,low,12,namesilo,,,20/09/2026 06:35
28d1e920-e237-4a0d-8448-5e71ad6ae357,sharply.house,available,11.59,35.39,medium,low,7,spaceship,,,27/09/2026 20:32
e30629a6-4cbe-4d5c-87bd-46f7a94bc006,archery.house,available,19.99,44.49,high,low,7,namesilo,,,20/09/2026 02:00
c86a563b-25bb-4959-b884-cbdd408c0634,scoring.house,available,11.59,35.39,high,low,7,spaceship,,,29/09/2026 02:05
3fe8a255-c6e4-4de0-ab8d-abd4784c164f,cubist.house,available,12.98,55.98,high,low,6,namecheap,,,13/08/2026 10:03
d24405c1-f37a-4775-9037-3a0d084db2d4,benzine.house,available,19.99,44.49,medium,low,7,namesilo,,,23/09/2026 08:53
e5e1d26a-d518-42fc-9052-ccb0ce195ce3,stalking.house,available,18.5,,medium,low,8,unstoppable,,,28/09/2026 20:33
f6fcc75b-a34a-408c-bdf2-d97ca1f7238b,attestor.house,available,19.99,44.49,medium,low,8,namesilo,,,21/09/2026 01:38
23d341e9-cd7c-412a-935b-4e47735089d3,tomboyish.house,available,12.98,55.98,medium,low,9,namecheap,,,21/08/2026 14:32
552f0a4e-b74b-43b8-a298-75a87f50597a,abolition.house,available,19.99,44.49,high,low,9,namesilo,,,16/09/2026 16:28
59252655-cb5a-4a32-bf53-c3ad8bba89dd,vegetables.house,available,19.99,44.49,medium,low,10,namesilo,,,16/09/2026 12:36
a50e0dd0-418c-48dd-b3ef-059f277c1308,nurtural.house,available,12.98,55.98,medium,low,8,namecheap,,,03/09/2026 23:07
d139fb3a-3126-4de6-bd22-d7328c2bec14,scotch.house,available,19.99,44.49,high,low,6,namesilo,,,24/09/2026 21:59
1ad06ffe-93f3-4596-8b88-5dcddbdf3722,brumous.house,available,12.98,55.98,medium,low,7,namecheap,,,11/08/2026 06:49
ad22cc36-58cc-4be3-98ec-a4f075bd5c3d,treats.house,available,34.2,34.2,medium,low,6,cloudflare,,,28/09/2026 05:00
8829d233-e77c-4106-ae1c-4634684c087e,anabas.house,available,19.99,44.49,medium,low,6,namesilo,,,19/09/2026 00:49
19ba46de-c9c8-4cf5-9bca-d999debaa9bf,presidency.house,available,11.59,35.39,high,low,10,spaceship,,,29/09/2026 13:43
de3a3fd8-a459-4ee9-8cb6-7f1cba10c448,blackwash.house,available,19.99,44.49,medium,low,9,namesilo,,,20/09/2026 15:47
6666947b-c46b-4d62-8487-0a73e9ec1f6b,wickham.house,resell,,,medium,low,7,,,,29/09/2026 05:45
e5004686-f50e-4613-9503-ef031cb5e7b5,diatonic.house,available,12.98,55.98,medium,low,8,namecheap,,,14/08/2026 06:21
94946e11-1106-40bd-8d8e-0fa998bd1626,carols.house,available,12.98,55.98,medium,low,6,namecheap,,,17/09/2026 18:54
7be4c022-60e2-445f-be6e-7588cb4d91b1,retentive.house,available,12.98,55.98,medium,low,9,namecheap,,,09/09/2026 11:47
09c3c464-fc17-4baf-8cf6-f9b389960ae2,enthusiast.house,available,12.98,55.98,high,low,10,namecheap,,,08/09/2026 02:16
0d72d73d-fdc4-490d-9cc3-4dc4fe2275f6,unsheathed.house,available,12.98,55.98,medium,low,10,namecheap,,,12/09/2026 19:47
d8f71fae-8aea-4ef8-990f-fbb1470d0df1,agleam.house,available,12.98,55.98,medium,low,6,namecheap,,,
376771ab-7870-4cf6-9d9b-55c8c9aaaf42,mahayana.house,available,14.93,35.53,medium,low,8,porkbun,,,01/10/2026 02:57
9cb4bc15-46d2-4576-925c-4bcfaf7ebe74,progression.house,available,27.99,,high,low,11,name.com,,,
3f6b1240-74d0-48b6-a638-e6ce5786da7c,thickener.house,available,12.98,55.98,medium,low,9,namecheap,,,11/09/2026 13:14
c1b28be4-86ae-4d3e-8a9b-d8f3717085d6,harvesting.house,available,18.5,,high,low,10,unstoppable,,,01/10/2026 02:26
982524c2-162a-4dc3-a435-74310625e6a7,anteater.house,available,12.98,55.98,high,low,8,namecheap,,,16/09/2026 13:25
1dc6de32-7c82-4782-87a8-6280f590c944,beroe.house,available,19.99,44.49,medium,low,5,namesilo,,,23/09/2026 10:02
23b06f45-8f9e-48ef-96aa-8c1301a489bd,decadent.house,available,12.98,55.98,high,low,8,namecheap,,,13/08/2026 20:50
880eebf6-3d00-42b9-aed1-b93518f0890d,numbat.house,available,12.98,55.98,medium,low,6,namecheap,,,22/09/2026 01:07
5f1e112a-d37e-4039-a9f2-689d5496952c,invigorate.house,available,19.99,44.49,high,low,10,namesilo,,,22/09/2026 04:52
a36b45e0-9897-4f7d-ad65-6696354bcbe4,morristown.house,available,15.2,36.6,medium,low,10,dynadot,,,29/09/2026 01:41
17f3d1f8-7a91-4622-9dd3-f8c2c87ee97f,arrests.house,available,12.98,55.98,medium,low,7,namecheap,,,20/09/2026 19:12
be76ec43-781c-4eb2-95e3-cbe7eddb8414,patriot.house,available,12.98,55.98,high,low,7,namecheap,,,03/09/2026 13:42
2db358e9-3d74-48e0-9219-c4324f60eef2,outright.house,available,12.98,55.98,high,low,8,namecheap,,,04/09/2026 19:35
c4fb1a8e-0447-4dc8-8577-cce6c1c66218,goosebumps.house,available,19.99,44.49,medium,low,10,namesilo,,,19/09/2026 00:04
e23796d5-cb71-4426-82fd-ae2c38a0bae4,withstand.house,available,11.59,35.39,high,low,9,spaceship,,,29/09/2026 14:12
89300ef8-322c-4311-8750-ec7d0ac8c948,involved.house,available,19.99,44.49,high,low,8,namesilo,,,25/09/2026 11:16
8086b7dd-c7df-48fa-aec9-8dd2080e3325,immense.house,available,19.99,44.49,high,low,7,namesilo,,,25/09/2026 06:12
33a053d6-e2fa-4198-9346-7d9e95e77f02,affecting.house,available,12.98,55.98,high,low,9,namecheap,,,
9f7ec827-7300-42c3-98bf-3edf3e4b4b26,untroubled.house,available,12.98,55.98,high,low,10,namecheap,,,10/09/2026 01:30
5f06f6dc-c2b4-4a74-87d8-5c6761f660ad,carry.house,available,11.59,35.39,high,low,5,spaceship,,,28/09/2026 00:56
deb52605-1ba8-488f-9834-99bc21976ccf,sumter.house,available,11.59,35.39,medium,low,6,spaceship,,,28/09/2026 12:23
0a16a075-c896-4968-9a7f-33381711e734,croat.house,available,12.98,55.98,medium,low,5,namecheap,,,13/08/2026 07:34
659593e5-fe72-406d-b10e-d3209ca96ee7,paintpot.house,available,27.99,,medium,low,9,name.com,,,
fceb8ded-b82f-44ed-bc21-c938fcebb41b,atomiser.house,available,19.99,44.49,medium,low,8,namesilo,,,21/09/2026 00:19
18105a54-b142-4502-92d3-dcda43b5a1f8,concentration.house,available,34.2,34.2,high,low,13,cloudflare,,,27/09/2026 21:44
c3a22239-2a21-475a-933d-b763e46ec7af,vermillion.house,available,12.98,55.98,medium,low,10,namecheap,,,12/08/2026 05:47
e53f09ba-836b-4a2a-b743-af902c887971,actuator.house,available,12.98,55.98,medium,low,8,namecheap,,,17/09/2026 05:24
352849f3-04ba-47ef-b93a-7c829e6a2b2a,turncoat.house,available,12.98,55.98,medium,low,8,namecheap,,,06/08/2026 03:49
78ccf7ce-fd50-4839-b79e-88cf8bc4f7a9,sneezes.house,available,19.99,44.49,medium,low,7,namesilo,,,20/09/2026 09:46
867e1c58-e8f4-4502-bc29-52e66363b8c1,took.house,available,27.99,,medium,low,4,name.com,,,
f5b50ac9-a08a-450a-8a11-ff9093eb8bbe,sulawesi.house,available,11.59,35.39,medium,low,8,spaceship,,,30/09/2026 01:01
70914558-1599-4e5e-8a69-3a0b44a75d92,lattices.house,available,11.59,35.39,medium,low,8,spaceship,,,30/09/2026 07:03
f3949642-2c99-46b5-9e18-4cbef628be28,vaporous.house,available,12.98,55.98,medium,low,8,namecheap,,,12/08/2026 14:34
fa3ab701-0a8c-4621-9f7a-1a9e054fa395,apposite.house,available,12.98,55.98,medium,low,8,namecheap,,,06/08/2026 07:53
691d38be-ba18-43f0-997a-da874ee0a98e,shoddy.house,available,12.98,55.98,medium,low,6,namecheap,,,12/08/2026 03:27
b24b2822-b044-4bd5-9129-cbc7959dd911,unclothed.house,available,12.98,55.98,medium,low,9,namecheap,,,12/09/2026 05:30
715f688a-967e-4ab7-894d-c6e2f97ee39f,oppressed.house,available,12.98,55.98,medium,low,9,namecheap,,,04/09/2026 16:50
b10b2f69-25d9-4886-a5d9-8ee9201f9551,adoption.house,available,27.99,58.99,high,low,8,name.com,,,17/09/2026 09:43
78d1e6c2-3dbe-45f6-b67c-79e3c21cb615,comparably.house,available,12.98,55.98,high,low,10,namecheap,,,14/09/2026 07:37
5ac7c351-38c5-4d5a-8cf2-0ebc891aa03d,antiserum.house,available,19.99,44.49,medium,low,9,namesilo,,,19/09/2026 15:05
668a6202-941e-4a9e-b97b-b42cbbbb45f0,daedalus.house,available,27.99,58.99,high,low,8,name.com,,,13/08/2026 15:32
81909145-e848-4706-aa06-f46aa979dd8b,boyfriend.house,available,19.99,44.49,high,low,9,namesilo,,,22/09/2026 21:55
ffef93e7-9b04-48aa-887a-70b1aab46707,hypaethral.house,available,12.98,55.98,medium,low,10,namecheap,,,21/08/2026 16:39
186a4bd2-45e6-4563-9184-57b37f587939,tearing.house,available,12.98,55.98,medium,low,7,namecheap,,,11/09/2026 09:42
e1cc8447-2ceb-464a-8b9e-9d9ea66dd3d1,drill.house,available,19.99,44.49,high,low,5,namesilo,,,25/09/2026 00:07
48f12462-6813-4d1c-be88-4311b0014d59,anchorage.house,available,19.99,44.49,high,low,9,namesilo,,,19/09/2026 03:43
ee8e70c9-f9de-4dd4-a484-3c9a7b019b8d,argal.house,available,12.98,55.98,medium,low,5,namecheap,,,20/09/2026 04:10
f6d73219-bcb1-417a-a200-831b070e815e,imuran.house,available,19.99,44.49,medium,low,6,namesilo,,,21/09/2026 11:01
25e82972-27b7-467d-b7d9-0a47aa90e1b2,burman.house,available,19.99,44.49,high,low,6,namesilo,,,01/10/2026 04:44
70d562df-2b63-4579-b0fb-745f4f8f393a,kenaf.house,available,19.99,44.49,medium,low,5,namesilo,,,23/09/2026 16:55
647b8c58-575e-45d6-a552-4c8665cc8381,cuboid.house,available,12.98,55.98,medium,low,6,namecheap,,,13/08/2026 09:58
59d0f13c-9a21-4a6f-a073-775888d443e9,avicennia.house,available,12.98,55.98,medium,low,9,namecheap,,,21/09/2026 09:24
ec97fc8a-1529-4f46-a0b8-066d63635ff3,holds.house,available,19.99,44.49,medium,low,5,namesilo,,,28/09/2026 23:34
aa1c560f-706d-40d0-a689-e07a243259c3,diesel.house,available,34.2,34.2,high,low,6,cloudflare,,,28/09/2026 09:31
8c2dad27-3826-4da6-be70-9cb6da1f1ae4,olympics.house,available,11.59,35.39,high,low,8,spaceship,,,30/09/2026 06:06
dae42467-edde-4e87-957b-21752589251e,custer.house,available,11.59,35.39,medium,low,6,spaceship,,,28/09/2026 01:44
772babe5-bb3c-434f-af08-792cf598cb92,abducted.house,available,15.2,36.6,medium,low,8,dynadot,,,29/09/2026 05:02
4ca787b3-80bf-4334-a04c-4937927e7dea,mtv.house,premium,33.5,,high,low,3,unstoppable,,,28/09/2026 03:45
2fb46dfc-6bc0-402c-b6cf-9b476b3aba9d,legalize.house,available,12.98,55.98,high,low,8,namecheap,,,22/08/2026 23:05
45d67989-f4e0-4718-821f-a13b0bfa5c57,important.house,available,19.99,44.49,high,low,9,namesilo,,,22/09/2026 13:54
dfaecdf5-7d57-4a12-ab55-1ad4cdcf973d,esophageal.house,available,12.98,55.98,medium,low,10,namecheap,,,17/08/2026 13:16
86b75456-eb57-4df2-8db2-3efc9818fa83,aurora.house,resell,,,high,medium,6,Virtualia LLC,01/08/2026 15:15,01/08/2027 15:15,26/09/2026 04:08
e62698e9-0a87-411b-a4a5-a6e404b0b12c,cowardice.house,available,12.98,55.98,medium,low,9,namecheap,,,24/09/2026 18:57
afc26472-b375-4f07-a4dc-3b5dc0b08f98,robyn.house,available,18.5,,high,low,5,unstoppable,,,29/09/2026 22:07
22d39b35-55ce-4ee5-bf48-9d28583bf2a9,true.house,resell,,,high,medium,4,"NameCheap, Inc.",10/12/2025 15:16,10/12/2026 15:16,26/09/2026 09:47
e8fd4046-5f96-47ee-9630-ce29bb900806,shovel.house,available,19.99,44.49,high,low,6,namesilo,,,28/09/2026 15:04
92af439e-97f6-451c-b091-838f896f12fe,displayed.house,available,11.59,35.39,medium,low,9,spaceship,,,28/09/2026 21:19
59875afd-6af7-4c97-8f0b-fd2943a97dc9,bandoneon.house,available,12.98,55.98,medium,low,9,namecheap,,,22/09/2026 01:29
2b8c2706-3c2e-4c18-8f9e-46a8153990bb,mallard.house,available,19.99,44.49,medium,low,7,namesilo,,,19/09/2026 03:01
36f7b809-38bb-42a3-9bb0-33cf2095c474,untainted.house,available,12.98,55.98,high,low,9,namecheap,,,10/09/2026 18:22
cfc10df7-a0db-4e4d-94f5-0ea5ca7c985b,lateen.house,available,12.98,55.98,medium,low,6,namecheap,,,22/08/2026 20:29
5d9d73ab-59f9-4962-9ef0-5ed10872cfd9,multiplying.house,available,11.59,35.39,high,low,11,spaceship,,,01/10/2026 06:06
479c0dd0-90c5-4dd9-838d-2d416fdcf3bd,tempted.house,available,11.59,35.39,medium,low,7,spaceship,,,29/09/2026 16:59
4e6640bb-6720-4bac-8dec-66fd5e6d1d85,braced.house,available,12.98,55.98,medium,low,6,namecheap,,,11/08/2026 00:17
83b36786-6398-4c14-8baa-dc56298b061e,prow.house,available,12.98,55.98,medium,low,4,namecheap,,,18/08/2026 11:28
3e729d6c-4811-44c2-bce0-4ec053ec4e12,voltaire.house,available,19.99,44.49,high,low,8,namesilo,,,20/09/2026 08:29
559ed4db-7eef-47a8-b8a6-a9efd622ce5b,rudderfish.house,available,19.99,44.49,medium,low,10,namesilo,,,22/09/2026 01:07
645bf358-c8ac-496f-a04d-32668975ed48,citywide.house,available,12.98,55.98,high,low,8,namecheap,,,12/08/2026 09:00
116ac190-c5e8-4a14-ac00-38e22876ba3c,agony.house,available,12.98,55.98,medium,low,5,namecheap,,,11/09/2026 01:10
c5ddffb5-bd27-42fe-90bc-f6ee5d704be5,multimedia.house,premium,,,high,low,10,,,,30/09/2026 02:20
da2809f9-d6d9-4ba8-8b98-29e965f9239c,vaughan.house,available,19.99,44.49,high,low,7,namesilo,,,25/09/2026 10:35
51bac0d6-9837-4153-af11-fb445a4039ff,fuzzed.house,available,12.98,55.98,medium,low,6,namecheap,,,18/08/2026 19:20
6abe26f3-ff12-4c74-b932-8414e8734686,constitutes.house,available,11.59,35.39,low,low,11,spaceship,,,30/09/2026 00:12
caac6772-12ed-4b50-af9a-71b8a8fe6275,estimable.house,available,12.98,55.98,high,low,9,namecheap,,,12/08/2026 19:44
8e3923e6-6e82-4c98-bbe7-83aca9747ed3,nimiety.house,available,12.98,55.98,medium,low,7,namecheap,,,17/08/2026 16:13
ae698971-311e-43e1-80c6-f9779fb9cb21,verifiable.house,available,12.98,55.98,high,low,10,namecheap,,,12/08/2026 20:51
429ce49f-1594-4e82-8a40-3c6d62afc4b2,somnolent.house,available,12.98,55.98,medium,low,9,namecheap,,,10/09/2026 11:38
9d06968d-04d1-46dd-ba37-b6d34652f158,troth.house,available,19.99,44.49,medium,low,5,namesilo,,,23/09/2026 11:35
1a09a788-957a-4d09-9cf0-4f4c0f19aedd,jar.house,premium,68.51,68.51,high,low,3,spaceship,,,30/09/2026 00:42
064fcc79-21e1-476a-9c9d-e617df799387,violin.house,available,11.59,35.39,high,low,6,spaceship,,,28/09/2026 09:46
e7a058a8-65a0-45ac-9f9f-4601f8c97b7e,ice.house,resell,,,high,medium,3,"Sav.com, LLC",02/08/2015 16:00,02/08/2027 16:00,26/09/2026 06:47
d07137c1-5bb8-4810-bad8-4defa22ea197,correctly.house,available,12.98,55.98,high,low,9,namecheap,,,13/09/2026 20:47
33f663bf-51f2-466e-b6c9-2cfcc819326c,slater.house,available,19.99,44.49,medium,low,6,namesilo,,,28/09/2026 10:57
f3b07685-86eb-40e5-a067-c5ad2778580c,lazio.house,available,15.2,36.6,high,low,5,dynadot,,,30/09/2026 17:51
91891be1-e5d8-419e-8e86-4d7b235d2fe9,languorous.house,available,12.98,55.98,medium,low,10,namecheap,,,22/08/2026 18:05
387316bf-5039-47ed-be6f-f1b424d6515c,gallican.house,available,12.98,55.98,medium,low,8,namecheap,,,18/08/2026 19:40
41c20a69-aab4-4413-a823-e847f382d9a1,manchurian.house,available,12.98,55.98,medium,low,10,namecheap,,,24/08/2026 14:34
a70c92bc-a177-4a03-9123-3c4b84ab4c8c,strangely.house,available,12.98,55.98,medium,low,9,namecheap,,,14/09/2026 20:38
f10d82ee-21b6-43ba-b23d-c1406bf83f70,cultured.house,available,12.98,55.98,high,low,8,namecheap,,,08/09/2026 09:18
022b164c-d03e-41b7-bf1e-2321286503a7,teal.house,available,12.98,55.98,high,low,4,namecheap,,,22/09/2026 23:03
d8fa0152-6c40-4ed4-88fd-78faf9291615,isp.house,premium,68.51,68.51,high,low,3,spaceship,,,29/09/2026 20:49
125ef376-0779-405c-a5f2-1de910a48515,glassed.house,available,12.98,55.98,medium,low,7,namecheap,,,20/08/2026 14:07
52f9e5a1-ca69-429a-bddc-b6ceb90d3844,antarctic.house,available,12.98,55.98,high,low,9,namecheap,,,
f1f57efd-43b9-47e8-a499-d21ecb13e0bf,yttrium.house,available,19.99,44.49,medium,low,7,namesilo,,,20/09/2026 23:00
d6a0d814-b14d-4e5b-bf91-1689b3e03f45,knapsack.house,available,19.99,44.49,high,low,8,namesilo,,,21/09/2026 14:39
a35767bf-4283-4120-ad2f-8b914551d602,acadian.house,available,,,high,low,7,,,,16/09/2026 20:29
c6b0c091-2159-4c9f-9421-8a2729588ffb,isolate.house,available,19.99,44.49,high,low,7,namesilo,,,29/09/2026 08:24
8c8dc61b-1115-4151-9315-e20b6ce59d60,touchable.house,available,12.98,55.98,high,low,9,namecheap,,,11/09/2026 07:57
2344e817-c45d-4d1b-b347-f0a7b834826d,scoff.house,available,12.98,55.98,medium,low,5,namecheap,,,22/08/2026 12:41
c769b112-83ba-4cdb-85fb-56252e33239e,differences.house,available,19.99,44.49,medium,low,11,namesilo,,,17/09/2026 14:00
895589d0-2d4e-45d5-9bc1-0a86c9c6d31b,metres.house,available,34.2,34.2,medium,low,6,cloudflare,,,29/09/2026 23:41
0b9faea1-5803-4a7a-a0c5-4695dd8d834f,seminars.house,available,19.99,44.49,medium,low,8,namesilo,,,30/09/2026 23:46
e4587beb-a1d8-40fb-91b6-24f318640e5c,serene.house,available,12.98,55.98,high,low,6,namecheap,,,11/08/2026 14:51
77f6a5de-995a-441e-ae6b-238efbb7d66e,gaily.house,available,12.98,55.98,medium,low,5,namecheap,,,14/09/2026 20:57
96fbc0a1-f82e-452b-bdba-27916ea1998b,myself.house,available,19.99,44.49,high,low,6,namesilo,,,25/09/2026 12:53
f6f112fb-e8f8-49cd-ad1a-20b4c6898aec,alep.house,available,19.99,44.49,medium,low,4,namesilo,,,18/09/2026 05:14
23adfa7c-ac27-4109-ac1f-d598b8ab29c0,griffin.house,available,18.5,,high,low,7,unstoppable,,,29/09/2026 01:09
76b1d573-0e12-4267-baf7-8df0274c8a84,obviously.house,available,19.99,44.49,high,low,9,namesilo,,,27/09/2026 03:52
4b823bf9-75a5-468b-9031-f2f4e100eaa2,glances.house,available,19.99,44.49,medium,low,7,namesilo,,,18/09/2026 02:11
9c263ee4-0a9e-4a26-8f72-2c81f3280868,loftus.house,available,18.5,,medium,low,6,unstoppable,,,30/09/2026 13:52
71258998-b9b7-4055-99b2-404474b702f0,rif.house,available,15.2,36.6,medium,low,3,dynadot,,,30/09/2026 19:40
b076ac47-5e49-4d61-8038-f6a2fb1c6495,allergic.house,available,19.99,44.49,high,low,8,namesilo,,,22/09/2026 01:25
1f620e5c-b230-41b5-b18c-564edb090d07,sterilizer.house,available,19.99,44.49,medium,low,10,namesilo,,,21/09/2026 06:04
36cfffa8-1a69-4998-8ea4-e472b6b431e8,riemannian.house,available,12.98,55.98,medium,low,10,namecheap,,,09/09/2026 17:21
8f5c6fe7-846c-4d7c-8d7c-ad86beef4e97,battles.house,available,18.5,,low,low,7,unstoppable,,,28/09/2026 08:54
1d558bfa-ca05-4a56-a832-f0b8aad96810,profiles.house,available,34.2,34.2,high,low,8,cloudflare,,,30/09/2026 15:45
d3461e33-6f62-4ff1-a398-a93101d50821,aggregates.house,available,12.98,55.98,low,low,10,namecheap,,,28/09/2026 08:51
ef547094-a13a-4231-976d-9b5082923a47,abandon.house,available,12.98,55.98,high,low,7,namecheap,,,14/08/2026 03:52
140baca2-2cc5-47b5-80ff-2444fd520bcc,overdone.house,available,12.98,55.98,medium,low,8,namecheap,,,17/08/2026 15:34
c0598c5d-f5fe-4b18-a591-3aac5bce0e9b,maritime.house,available,12.98,55.98,high,low,8,namecheap,,,24/08/2026 16:00
dc681b0f-5035-4b9f-8787-37886856b09e,compilers.house,available,27.99,,medium,low,9,name.com,,,
260ab1ba-4c86-4764-9951-c0df63197aee,cuteness.house,available,19.99,44.49,high,low,8,namesilo,,,24/09/2026 20:43
b038a365-82c2-4bdd-b242-f598b386937b,enmity.house,available,19.99,44.49,medium,low,6,namesilo,,,19/09/2026 12:26
65a4c29c-dc14-47d3-88fb-dcced3d72ef1,muckle.house,available,12.98,55.98,medium,low,6,namecheap,,,25/08/2026 00:34
c6323387-b5d9-4858-bd74-f356c6fc27e1,cello.house,available,34.2,34.2,high,low,5,cloudflare,,,30/09/2026 01:01
4d8d402d-7e6b-4a2c-8e70-204a220615b5,aberrance.house,available,19.99,44.49,medium,low,9,namesilo,,,16/09/2026 15:12
030d8695-e6df-4cfe-b3ff-27a199e912bd,barrage.house,available,19.99,44.49,medium,low,7,namesilo,,,22/09/2026 07:57
91db57a5-a869-44cd-9d16-9c38f9989624,relations.house,available,19.99,44.49,high,low,9,namesilo,,,30/09/2026 09:32
6cb47e42-1531-4de8-8d79-0aaf7eea3390,hagerstown.house,available,14.93,35.53,high,low,10,porkbun,,,29/09/2026 19:06
044f69dc-f9a0-4ace-b080-30532c57bf84,attic.house,available,,,high,low,5,,,,
daba74a6-f23f-4b3b-a97b-773d226ab46e,saman.house,available,19.99,44.49,high,low,5,namesilo,,,18/09/2026 03:12
0160e6ad-4dcb-4558-b274-42742db73694,challenges.house,available,18.5,,medium,low,10,unstoppable,,,29/09/2026 11:27
440c9859-ac69-4afe-aa03-85753799e2e7,dilatory.house,available,12.98,55.98,medium,low,8,namecheap,,,14/08/2026 07:31
911b693b-c7cb-4f73-a239-22bb3521e4bb,digger.house,available,15.2,36.6,high,low,6,dynadot,,,29/09/2026 06:38
3f49bb61-70e8-4865-a74c-47dccb9d38bd,racial.house,available,12.98,55.98,high,low,6,namecheap,,,09/09/2026 09:19
f1b80e01-b602-4b37-86c8-ab756f6a88d7,mucky.house,available,12.98,55.98,medium,low,5,namecheap,,,10/08/2026 17:06
0db2252d-8788-4d5f-973b-f7fd1bc7255d,applicator.house,available,12.98,55.98,medium,low,10,namecheap,,,19/09/2026 21:55
94c82c59-8606-4128-a759-2fb2719312c4,accretive.house,available,12.98,55.98,medium,low,9,namecheap,,,
d7abd8c8-384e-423d-805d-74a3c7fef1b0,architectural.house,available,19.99,44.49,high,low,13,namesilo,,,29/09/2026 08:50
9319de65-13ad-48f3-811f-1f2648428a64,skinless.house,available,12.98,55.98,medium,low,8,namecheap,,,10/09/2026 09:42
55c6dcc4-1850-48ce-a697-46d0b1a7ad7c,disrespect.house,available,34.2,34.2,high,low,10,cloudflare,,,29/09/2026 15:36
819d2638-dc1c-43e4-9832-b6bde501f016,technician.house,available,19.99,44.49,high,low,10,namesilo,,,28/09/2026 15:27
085d3f4c-58e2-4527-b612-3c0d8b27239b,windsock.house,available,12.98,55.98,medium,low,8,namecheap,,,17/09/2026 21:40
c0d16c1e-aec4-4099-b0ff-2d5f4ac6afb3,minna.house,available,34.2,34.2,high,low,5,cloudflare,,,01/10/2026 06:17
c3c8d40f-7749-4560-9306-ec2e22dd156d,unthankful.house,available,12.98,55.98,medium,low,10,namecheap,,,11/09/2026 12:29
c81092df-15da-4e0a-8402-fbf42f5f96ce,caramel.house,available,12.98,55.98,high,low,7,namecheap,,,11/08/2026 18:28
eeb228ad-1eb1-4c4d-8ad7-98777c242a10,photos.house,available,19.99,44.49,high,low,6,namesilo,,,17/09/2026 16:48
4412c5db-dc89-4425-981a-fd70bb125e62,starlit.house,available,12.98,55.98,medium,low,7,namecheap,,,10/09/2026 18:56
e9a77386-3a9f-4b55-baed-dcfb94c6415f,adansonia.house,available,19.99,44.49,medium,low,9,namesilo,,,17/09/2026 06:21
8c1d5acf-19bc-44ba-95f5-7228e44107e3,centered.house,available,12.98,55.98,high,low,8,namecheap,,,12/08/2026 00:03
2b0915c8-8c8e-4f6b-abc5-03f10ebaea87,viennese.house,available,12.98,55.98,high,low,8,namecheap,,,13/09/2026 05:30
bc4c0656-0862-48eb-a6cd-5d9b5f797d74,selenium.house,available,12.98,55.98,medium,low,8,namecheap,,,20/09/2026 22:53
ae906860-5a32-420b-883c-df25891303f4,conscious.house,available,12.98,55.98,high,low,9,namecheap,,,23/09/2026 20:38
d70299b6-3964-4aa3-962d-b2762ac3153c,karim.house,available,19.99,44.49,medium,low,5,namesilo,,,29/09/2026 03:37
b634e830-8e5b-464c-8e27-5b83a89ce949,galileo.house,available,11.59,35.39,high,low,7,spaceship,,,29/09/2026 12:27
ab92c459-b88c-4f94-974b-fe3eed7c3c00,cancellous.house,available,12.98,55.98,medium,low,10,namecheap,,,11/08/2026 16:31
d1840a39-4b7c-43ce-b27e-fba6a737baef,archangel.house,available,12.98,55.98,high,low,9,namecheap,,,19/09/2026 05:59
12087adc-ea12-48b1-b6bc-4a3bc9775f58,aneurin.house,available,19.99,44.49,medium,low,7,namesilo,,,19/09/2026 05:40
e147a6a6-ff74-434d-884d-1ae7174464ed,sheila.house,available,19.99,44.49,medium,low,6,namesilo,,,27/09/2026 17:05
f622d784-8a84-4259-9995-eb566aed5ec6,tribute.house,available,19.99,44.49,high,low,7,namesilo,,,30/09/2026 13:55
3c9858cf-9923-408d-b4d4-a182dc2cc2bb,ashram.house,available,19.99,44.49,high,low,6,namesilo,,,20/09/2026 13:58
783e4ce4-592e-435b-b61c-dc63f5cedc51,desktop.house,available,18.5,,high,low,7,unstoppable,,,29/09/2026 14:08
1addae2d-8d42-4475-808d-874f175dba20,arcadic.house,available,19.99,44.49,medium,low,7,namesilo,,,20/09/2026 01:36
8658e0df-f89a-4571-b544-b47ecc8e06a2,slept.house,available,27.99,,medium,low,5,name.com,,,
94de0e31-9e03-4f64-89a6-10aa071f2bb9,wellesley.house,available,19.99,44.49,medium,low,9,namesilo,,,27/09/2026 08:52
d18c74f1-e204-4971-a27b-d0fb8792b13f,mistress.house,available,19.99,44.49,high,low,8,namesilo,,,27/09/2026 14:35
1088f5ba-ea22-493c-9d1e-d5c6d2d3999e,jerking.house,available,12.98,55.98,medium,low,7,namecheap,,,06/08/2026 21:58
731af05c-ef4a-493f-b10d-ed64d8dec3be,bns.house,premium,78.54,78.54,high,low,3,namesilo,,,21/09/2026 14:15
d57e9535-24d6-42c1-bd09-de6d81fe6082,norte.house,available,12.98,55.98,high,low,5,namecheap,,,27/09/2026 07:02
45f8580d-d79a-4b55-b784-128e22fdfd83,brackish.house,available,12.98,55.98,medium,low,8,namecheap,,,11/08/2026 00:43
7198ea49-5bee-493f-8e99-f404babc3baf,akvavit.house,available,19.99,44.49,medium,low,7,namesilo,,,18/09/2026 00:17
6c3f7c12-dca3-405d-99d7-e486c7f8f1b3,hymn.house,available,34.2,34.2,high,low,4,cloudflare,,,29/09/2026 01:20
fbcfed5f-905a-4ce6-8e1c-ac32020a330a,aging.house,available,19.99,44.49,high,low,5,namesilo,,,21/09/2026 22:40
8767ae02-45fe-4c2a-8574-43105d49a730,bicycle.house,premium,85.8,85.8,high,low,7,namecheap,,,27/09/2026 03:10
a0ddf6f5-672b-4fda-8188-3e9c4598e28a,transition.house,available,11.59,35.39,high,low,10,spaceship,,,28/09/2026 09:22
d5f7b4a0-9f36-444c-8f6f-5c349be37549,herb.house,resell,,,high,low,4,,,,28/09/2026 02:06
0f18a366-6342-462b-89bc-a66cbdc7df95,committing.house,available,27.99,,high,low,10,name.com,,,
96d71617-4609-41df-8fdf-0b90c7a7ab55,basinet.house,available,12.98,55.98,medium,low,7,namecheap,,,22/09/2026 10:57
f975d521-25de-46c4-962c-e26588885636,xxx.house,premium,500,500,high,medium,3,name.com,,,
c523f3be-0bdd-4dd4-b995-32e909a67238,expelled.house,available,18.5,,low,low,8,unstoppable,,,28/09/2026 12:50
bcaaf3b0-e17d-4de6-a088-281d0c5c6788,williamson.house,available,19.99,44.49,high,low,10,namesilo,,,17/09/2026 14:22
d0561d7f-1499-46a3-b6bc-e3f0d60748a2,rustproof.house,available,12.98,55.98,high,low,9,namecheap,,,09/09/2026 20:21
4eb9df32-a5b9-4db0-9355-c2576d974f0d,graphics.house,premium,68.51,68.51,high,low,8,spaceship,,,28/09/2026 22:24
7eb775ce-cb8a-4816-8084-7c2806901b23,astrocyte.house,available,19.99,44.49,medium,low,9,namesilo,,,20/09/2026 17:36
0c339ceb-0e78-4959-8003-4ac7aeab2f91,selangor.house,available,11.59,35.39,medium,low,8,spaceship,,,30/09/2026 20:45
c3378e41-aa8f-462d-bd6e-29e740acb8bf,rhyme.house,available,19.99,44.49,high,low,5,namesilo,,,28/09/2026 15:15
87df0ee5-5bd6-4798-a84f-72e2caa311a2,ivor.house,available,34.2,34.2,medium,low,4,cloudflare,,,29/09/2026 22:08
731f2c07-2d1e-433d-b5f1-61cbcf349ade,pot.house,premium,260,260,high,low,3,namecheap,,,25/09/2026 20:52
3ee70fb0-8024-47bb-b5d8-89a2f5624451,balustrade.house,available,19.99,44.49,high,low,10,namesilo,,,22/09/2026 00:29
2081f169-9781-4cf0-a946-7a2282bb9eb8,confidential.house,available,12.98,55.98,high,low,12,namecheap,,,27/09/2026 17:23
e4054f88-9d77-4efb-8e4e-8757dadbd064,facilitating.house,available,27.99,,medium,low,12,name.com,,,
0c98a493-7db6-4f87-82c5-43239be5e605,tahitian.house,available,12.98,55.98,high,low,8,namecheap,,,11/09/2026 07:06
373a3dc3-a538-4a8d-b7c5-187243924591,oldish.house,available,12.98,55.98,medium,low,6,namecheap,,,04/09/2026 02:04
6cca87f0-14e1-4ddd-9d96-08694356a021,brimming.house,available,12.98,55.98,medium,low,8,namecheap,,,11/08/2026 04:12
3cf5b082-864d-48a2-8987-9695fac06997,paradoxes.house,available,19.99,44.49,medium,low,9,namesilo,,,21/09/2026 00:45
228d909f-4e7c-4fff-9557-bb83c137d8f9,depleted.house,available,12.98,55.98,medium,low,8,namecheap,,,14/08/2026 02:23
ea592316-e29d-4086-8a1f-e9c1d9bc4c90,researched.house,available,19.99,44.49,medium,low,10,namesilo,,,01/10/2026 00:58
49e160c4-d192-4ce9-8310-5cd79264d9a3,humoral.house,available,12.98,55.98,medium,low,7,namecheap,,,21/08/2026 15:21
018eac3e-f507-47a5-bc6a-b48dd0ad21d0,surreal.house,available,12.98,55.98,high,low,7,namecheap,,,14/08/2026 18:46
c45194df-5bb1-4315-9969-c4ca57d6aa69,adductive.house,available,12.98,55.98,medium,low,9,namecheap,,,
12df31a6-da68-4d76-967f-357b475f4de4,heartsick.house,available,12.98,55.98,medium,low,9,namecheap,,,11/08/2026 05:30
587d546e-b475-4dde-ac9a-7049e08ccf8c,engaging.house,available,19.99,44.49,high,low,8,namesilo,,,28/09/2026 07:52
77e65c85-c0c6-4fe2-aa84-e9c7c4665a00,isotropic.house,available,12.98,55.98,medium,low,9,namecheap,,,22/08/2026 11:28
1215cddf-8191-42d6-b239-8bc70561e140,meaningful.house,available,12.98,55.98,high,low,10,namecheap,,,25/09/2026 18:37
dcd6c9a6-63af-4304-9d99-49d525532562,murderer.house,available,19.99,44.49,medium,low,8,namesilo,,,25/09/2026 08:59
39f493f3-47e5-48e7-97d2-df4f92b47295,blaster.house,available,12.98,55.98,high,low,7,namecheap,,,24/09/2026 04:22
ec883c00-1742-403d-83f1-da9af6ecb2d0,attack.house,available,19.99,44.49,high,low,6,namesilo,,,28/09/2026 08:45
a5f70133-76a6-4389-9137-e02b651e894b,plots.house,available,12.98,55.98,medium,low,5,namecheap,,,29/09/2026 17:24
46b5b4f2-cb2d-4cf8-b16b-8e45d8efea1f,coeval.house,available,12.98,55.98,high,low,6,namecheap,,,12/08/2026 15:28
fab22578-b8d2-4c59-ac2a-f559064f83e8,aliform.house,available,12.98,55.98,medium,low,7,namecheap,,,
52d65bbd-759d-421e-9198-c5824dacd1a9,shillings.house,available,18.5,,medium,low,9,unstoppable,,,30/09/2026 06:43
b9cd916a-92d0-4abc-a9d4-5c6a44c535f9,gladly.house,available,12.98,55.98,high,low,6,namecheap,,,17/08/2026 20:47
a40b3504-95f2-4d7e-91a8-9860e9cf264b,antonio.house,available,34.2,34.2,high,low,7,cloudflare,,,28/09/2026 03:49
fa3520ef-8109-4cb0-a98a-21fc5990b1be,said.house,available,15.2,36.6,high,low,4,dynadot,,,30/09/2026 23:01
ba431e30-a5e2-4f1c-9874-e0df8bf6ec7c,maa.house,available,19.99,44.49,high,low,3,namesilo,,,30/09/2026 11:36
ee36648d-460e-4e03-8bf0-604df4d78979,hyderabad.house,premium,118.8,118.8,medium,low,9,namesilo,,,28/09/2026 14:29
77b87ece-9f7b-41dd-87e7-0c21dd908726,beira.house,available,19.99,44.49,medium,low,5,namesilo,,,23/09/2026 04:20
6111c751-0fb0-47ce-908e-45f65ab58533,baize.house,available,12.98,55.98,medium,low,5,namecheap,,,21/09/2026 19:59
f99c2ac2-c02b-4592-9188-a6ac81a7b05a,bbc.house,available,,,high,medium,3,,,,
4ca84aeb-04a4-49a5-aa67-df8e96fbbecc,trite.house,available,12.98,55.98,medium,low,5,namecheap,,,08/08/2026 11:19
cbca5600-84de-4e8f-8906-c36f58dcfea4,rowland.house,available,19.99,44.49,high,low,7,namesilo,,,25/09/2026 15:13
58fe512a-a6b5-4b08-80ef-0e908bbfd00d,brew.house,resell,,,high,low,4,,,,29/09/2026 11:47
d01b739e-36db-41dd-9074-9c3d6169514d,americans.house,available,12.98,55.98,medium,low,9,namecheap,,,08/09/2026 06:41
e091247d-89a8-4ad4-84ed-f237e4313a19,failure.house,available,19.99,44.49,high,low,7,namesilo,,,25/09/2026 22:41
e73683cd-eef5-4932-bd76-baa18c1e7038,anemometry.house,available,12.98,55.98,medium,low,10,namecheap,,,19/09/2026 05:18
e619e39d-4c3c-4edf-9fa1-70d3f2c5b630,footballer.house,available,15.2,36.6,high,low,10,dynadot,,,29/09/2026 19:49
2b45b74f-ba1e-4549-ba51-f358d6d6aee8,trains.house,available,11.59,35.39,high,low,6,spaceship,,,27/09/2026 22:59
35881501-1e5e-4872-a7ba-b909863e634e,essayer.house,available,12.98,55.98,medium,low,7,namecheap,,,21/09/2026 01:22
089da4f3-2e9b-40d5-955b-6e7bcc3d972f,outclassed.house,available,12.98,55.98,medium,low,10,namecheap,,,04/09/2026 19:12
7f86df2b-4a56-474b-becf-08d89a061527,alummah.house,available,19.99,44.49,medium,low,8,namesilo,,,18/09/2026 01:08
9eba28e0-18cb-4ba8-b37f-362c21be6000,specific.house,resell,,,high,low,8,,,,27/09/2026 02:45
0b0a19ff-2f73-4ef1-8951-8e58329cd981,counseled.house,available,19.99,44.49,medium,low,9,namesilo,,,20/09/2026 16:45
92eaabee-ea2f-4e47-9999-fa4e6ac9ebff,stepmother.house,available,12.98,55.98,high,low,10,namecheap,,,30/09/2026 11:59
31cb431e-8d35-4524-a9a0-55c6c9177cbd,skimmed.house,available,12.98,55.98,high,low,7,namecheap,,,10/09/2026 09:34
8e50bf0e-46cf-4962-8106-63dc06f501cd,quebecois.house,available,12.98,55.98,medium,low,9,namecheap,,,09/09/2026 07:48
998add0f-989b-48c0-ac5e-b1010a96751b,rheumatoid.house,available,12.98,55.98,medium,low,10,namecheap,,,06/08/2026 23:10
eb0abe38-3a1e-42f0-8cd1-19bfecb33907,advertisement.house,available,27.99,,high,low,13,name.com,,,
c959a61a-e106-477c-90d2-b7e1c323e11f,neritic.house,available,12.98,55.98,low,low,7,namecheap,,,03/09/2026 15:41
ba2f1448-012f-48e0-a696-ec865ccb1d94,feminine.house,available,12.98,55.98,high,low,8,namecheap,,,24/09/2026 17:35
6d190386-9acd-43de-8acc-d77e19be8b4a,billhook.house,available,27.99,58.99,medium,low,8,name.com,,,23/09/2026 16:21
da400f00-9108-48eb-b817-4dc5f4073817,innocuous.house,available,12.98,55.98,high,low,9,namecheap,,,22/08/2026 05:56
4d6606f1-1011-4f1a-bbbe-3391a05755e0,roosevelt.house,available,19.99,44.49,medium,low,9,namesilo,,,19/09/2026 09:58
58b69bd0-0e3f-4ade-bead-adda924ba16c,lifted.house,available,12.98,55.98,high,low,6,namecheap,,,23/08/2026 02:39
f9c564b1-f408-47c0-9bf7-d8f68abaefcb,requires.house,available,12.98,55.98,medium,low,8,namecheap,,,18/09/2026 15:31
e2393c0a-ecb9-4291-bea7-bb3be60ba102,ministers.house,available,19.99,44.49,medium,low,9,namesilo,,,29/09/2026 17:05
db03f1d6-d079-497b-a09d-d91a5c310365,allayer.house,available,19.99,44.49,medium,low,7,namesilo,,,18/09/2026 09:59
834a84f2-64c0-473e-96f6-3ef488cc052c,idempotent.house,available,12.98,55.98,medium,low,10,namecheap,,,21/08/2026 18:03
68a7d4d2-4405-48d1-9b23-701c8f223772,upraised.house,available,12.98,55.98,medium,low,8,namecheap,,,23/08/2026 01:53
52688130-ebc9-4e31-9c11-27fa2b0e3a14,lvi.house,available,12.98,55.98,medium,low,3,namecheap,,,
7f6bf9aa-65a0-4929-a0fb-f1432526cd81,fdp.house,premium,78.54,78.54,medium,low,3,namesilo,,,30/09/2026 06:45
de66e7ab-9694-4e7e-add7-cf84c320471e,tantalum.house,available,12.98,55.98,medium,low,8,namecheap,,,20/09/2026 23:42
77a8fd15-e9d8-4eba-8b3e-1660cfee1aad,enabling.house,available,12.98,55.98,high,low,8,namecheap,,,16/08/2026 21:07
f82f83d4-054b-4a47-b65f-926168ba3960,shrieking.house,available,12.98,55.98,medium,low,9,namecheap,,,09/09/2026 23:55
2d60143e-8555-4c2b-b125-3e5399b0562d,remembrances.house,available,19.99,44.49,medium,low,12,namesilo,,,19/09/2026 23:41
0a4c89a1-d2ff-4617-a4a9-cdd6975df448,commercially.house,available,27.99,,medium,low,12,name.com,,,
d79abfeb-9fc6-4817-baa8-46b3d81bf72e,activating.house,available,12.98,55.98,high,low,10,namecheap,,,
5cd5bffa-f1fe-4ff2-99cc-18280d8c1c52,jfk.house,available,34.2,34.2,high,low,3,cloudflare,,,29/09/2026 13:11
e65a2984-e992-4ac9-a8f5-884c213966f2,coccoid.house,available,12.98,55.98,medium,low,7,namecheap,,,12/08/2026 14:41
6a53e215-144c-4a3b-8e03-42883ee61cde,improvable.house,available,12.98,55.98,medium,low,10,namecheap,,,21/08/2026 23:14
89a2a856-95b3-4887-9628-3eb0a1511ec1,knobbly.house,available,12.98,55.98,medium,low,7,namecheap,,,22/08/2026 16:31
8ded5d8b-15ab-41ee-9438-fc18f342c114,rosy.house,available,12.98,55.98,high,low,4,namecheap,,,18/08/2026 09:27
e1128919-d393-4620-a51d-4a59e50ca81e,cage.house,available,19.99,44.49,medium,low,4,namesilo,,,22/09/2026 14:36
2dd46ad8-de0d-4582-93c5-d5c90c417683,biz.house,resell,,,high,low,3,"Spaceship, Inc.",02/08/2023 15:15,02/08/2027 15:15,26/09/2026 04:27
85ecd0e6-e80e-466c-927a-ff6ee46c4057,classics.house,available,11.59,35.39,high,low,8,spaceship,,,28/09/2026 13:44
9c87308e-fc63-4e2e-b74f-191295d40495,exergonic.house,available,12.98,55.98,medium,low,9,namecheap,,,17/08/2026 17:06
7c07e137-4dd9-4811-bf8b-df6715d84864,sergey.house,available,19.99,44.49,medium,low,6,namesilo,,,29/09/2026 04:18
9c468351-d04c-4eca-9c41-15c8fd65d874,balusters.house,available,12.98,55.98,high,low,9,namecheap,,,22/09/2026 00:30
f25528cf-e347-4ff4-af64-f556d20e820d,turkmen.house,available,12.98,55.98,high,low,7,namecheap,,,11/09/2026 21:19
c79d443f-5147-4726-9a6e-834a2b24bf8e,pizzeria.house,available,15.2,36.6,high,low,8,dynadot,,,30/09/2026 06:58
eab4ed14-c1fb-4fca-bb38-6251f4b2378b,yeoman.house,available,19.99,44.49,medium,low,6,namesilo,,,23/09/2026 01:07
3bc2b497-933d-4a36-b92c-dab3a249e03d,verge.house,available,34.2,34.2,high,low,5,cloudflare,,,28/09/2026 18:30
4aff5e0d-94e6-4cf6-8871-fd69ed63bc6f,browsing.house,available,19.99,44.49,high,low,8,namesilo,,,29/09/2026 04:42
c66d923a-0e83-4a95-a76a-548bbddb8fb0,switches.house,available,19.99,44.49,medium,low,8,namesilo,,,16/09/2026 23:57
be3d6448-2d19-44cb-8850-b93d0166df05,encrusted.house,available,12.98,55.98,medium,low,9,namecheap,,,13/08/2026 09:24
f0ac166f-730f-497f-a1e9-529b65a6b4dd,cruciform.house,available,12.98,55.98,medium,low,9,namecheap,,,13/08/2026 08:42
2cd74167-741f-49cd-85fa-375075ddf735,razz.house,available,12.98,55.98,medium,low,4,namecheap,,,21/09/2026 19:47
56fa5fff-7973-454d-9553-2b4d55e45316,abbe.house,available,19.99,44.49,medium,low,4,namesilo,,,16/09/2026 14:22
062ce7ea-dc6b-490c-857d-a97a01b57e9f,motorcycle.house,available,19.99,44.49,high,low,10,namesilo,,,30/09/2026 22:56
05f01f43-94c9-40e3-ae10-e5eb6137f2b3,negatively.house,available,12.98,55.98,medium,low,10,namecheap,,,15/09/2026 16:24
b6107da0-4f0f-4795-bbea-84eb91b51e53,discontinuity.house,available,18.5,,medium,low,13,unstoppable,,,30/09/2026 11:55
4a06ae28-9f5e-48c3-9fd7-0a1aaa06b51a,wanda.house,premium,68.51,68.51,medium,low,5,spaceship,,,28/09/2026 07:42
62bff13f-7c66-4f42-a9ef-e93169a9bbfc,screeching.house,available,12.98,55.98,medium,low,10,namecheap,,,09/09/2026 23:59
e9b1f6e8-8661-48c6-84bd-a62b46fdb8cf,constraint.house,available,12.98,55.98,high,low,10,namecheap,,,24/09/2026 17:34
3a5a31cc-89e9-44d6-99a0-e4739a13bea1,egocentric.house,available,12.98,55.98,medium,low,10,namecheap,,,15/08/2026 19:41
95364433-e35f-47d3-ba15-5fb3e36f521f,nicaraguan.house,available,12.98,55.98,high,low,10,namecheap,,,03/09/2026 17:03
270847c1-7b8d-45db-8884-8eea6458f11d,recorded.house,available,19.99,44.49,high,low,8,namesilo,,,27/09/2026 10:58
0e469b9a-63dc-4f08-8dbf-70fdd24bd36d,headless.house,available,12.98,55.98,medium,low,8,namecheap,,,11/08/2026 01:43
7c1bf26c-2077-4a5f-b07e-4d9a5009c7be,colourize.house,available,12.98,55.98,medium,low,9,namecheap,,,12/08/2026 17:40
ea2f02e7-cbbc-4c56-a021-bf546a71df7d,araneus.house,available,19.99,44.49,medium,low,7,namesilo,,,20/09/2026 00:05
f015e5a9-9add-4178-936f-3ee14e9d623b,squinty.house,available,12.98,55.98,medium,low,7,namecheap,,,07/08/2026 03:20
2feedb89-fab5-4f93-a4b5-ef95e3e38b60,geocentric.house,available,12.98,55.98,medium,low,10,namecheap,,,18/08/2026 22:16
caafd04d-7a62-4c76-9400-4dbed13b7763,southwark.house,available,34.2,34.2,medium,low,9,cloudflare,,,29/09/2026 09:21
89bbb6d9-23ea-4b5e-8612-1337859ea578,overfull.house,available,12.98,55.98,medium,low,8,namecheap,,,20/08/2026 15:31
f3f77374-f63b-430a-be8c-a28c60eb7c18,tendencies.house,available,19.99,44.49,medium,low,10,namesilo,,,29/09/2026 17:02
8a4d15be-d16c-47e2-a298-30bf78fcfb7e,cloisonne.house,available,12.98,55.98,medium,low,9,namecheap,,,12/08/2026 01:39
b8e06971-3f9b-4a30-99a7-f0774d111c40,insider.house,available,11.59,35.39,high,low,7,spaceship,,,29/09/2026 19:20
c7bf033b-ba10-483c-a449-d793b9c44129,airdrome.house,available,19.99,44.49,medium,low,8,namesilo,,,17/09/2026 12:57
32169091-9478-483e-94d1-1f19fe10c60e,rurally.house,available,12.98,55.98,medium,low,7,namecheap,,,16/09/2026 00:20
1dcd93f1-11c1-464e-8a22-be87d6ec6f31,surfer.house,available,11.59,35.39,high,low,6,spaceship,,,30/09/2026 12:34
ce263cba-e289-4e91-8912-6d52845996ea,henriette.house,available,18.5,,medium,low,9,unstoppable,,,30/09/2026 04:48
286e1896-52b6-4bfc-a6ed-f946f3619d00,whittaker.house,available,19.99,44.49,medium,low,9,namesilo,,,28/09/2026 16:41
f03f6453-1fe8-4b22-85c4-72c7848bc5c0,creaky.house,available,12.98,55.98,medium,low,6,namecheap,,,06/08/2026 22:59
1b73af8b-f39e-4d40-912b-30f00715ecba,uproarious.house,available,12.98,55.98,medium,low,10,namecheap,,,21/08/2026 09:23
3f02177c-b09e-41cf-a8f1-32a9feb51900,stab.house,available,11.59,35.39,high,low,4,spaceship,,,28/09/2026 02:12
27aa157b-14fa-4bc6-8849-53c0685d03d8,saginaw.house,available,19.99,44.49,medium,low,7,namesilo,,,28/09/2026 03:02
54cdc8d3-66cb-4d4b-899f-66c3dcac0b50,blonde.house,available,12.98,55.98,high,low,6,namecheap,,,22/09/2026 22:17
35289314-b287-4ef3-868f-9ce2a09f9b16,mosquito.house,available,11.59,35.39,medium,low,8,spaceship,,,30/09/2026 05:20
348c2abd-40a4-4839-8416-adc005b4f0f0,sousa.house,premium,34.36,34.36,medium,low,5,spaceship,,,28/09/2026 19:33
7011e5d5-4958-45b5-be8c-e5d2886fb05c,sourly.house,available,19.99,44.49,low,low,6,namesilo,,,16/09/2026 05:40
1522d776-7c8d-49a2-a2f0-38ba0a704ff0,formality.house,available,34.2,34.2,high,low,9,cloudflare,,,30/09/2026 09:43
79908118-6570-4647-9bb3-87a0a698620b,banff.house,available,19.99,44.49,medium,low,5,namesilo,,,22/09/2026 01:44
eb77e420-0861-4c87-bd1e-2c5fed54f840,nubile.house,available,12.98,55.98,medium,low,6,namecheap,,,24/08/2026 16:30
dd2302cb-613d-41e0-81fb-f0a2792d87d2,autumnal.house,available,12.98,55.98,medium,low,8,namecheap,,,07/08/2026 21:23
72d014a4-a289-43f7-9ce7-796611510db9,centrist.house,available,12.98,55.98,medium,low,8,namecheap,,,12/08/2026 00:14
5ad36390-cabb-4edf-9cf2-4cddaf1780c6,sensing.house,available,19.99,44.49,high,low,7,namesilo,,,29/09/2026 14:15
eeee2538-65d9-4d3c-8116-00efffde304b,unsworn.house,available,12.98,55.98,medium,low,7,namecheap,,,12/09/2026 20:53
24fc7f92-cc1b-4e40-8977-41578d3b2f70,addresses.house,available,27.99,,medium,low,9,name.com,,,
309fd732-0a10-4e11-b921-7dd65c5b4214,ending.house,available,19.99,44.49,high,low,6,namesilo,,,25/09/2026 05:36
36afea36-6357-4d7b-8f46-7b75f7cdd3bd,dense.house,available,12.98,55.98,high,low,5,namecheap,,,08/09/2026 15:39
c473609b-5acd-493c-ad32-2ae02af91eef,physicians.house,available,19.99,44.49,medium,low,10,namesilo,,,30/09/2026 00:16
1da09aae-b683-4071-b6ca-db0501df4a93,jaime.house,available,11.59,35.39,high,low,5,spaceship,,,28/09/2026 04:40
1a7e006c-67dc-4430-b862-be6ed2407fde,merchandise.house,available,19.99,44.49,high,low,11,namesilo,,,30/09/2026 09:41
10f37079-8b7b-4601-8108-d59e278d3054,compile.house,available,12.98,55.98,high,low,7,namecheap,,,08/09/2026 09:16
ab1aa9a9-c8ca-429a-a594-27559a97c0b2,advertise.house,available,12.98,55.98,high,low,9,namecheap,,,29/09/2026 20:39
ce0a64c9-4b04-4a36-b080-cbfd0295ec31,inaudible.house,available,12.98,55.98,medium,low,9,namecheap,,,22/08/2026 00:33
2dbde32d-e1ce-4a5d-ba62-b67a964b0fb7,conduct.house,available,19.99,44.49,high,low,7,namesilo,,,23/09/2026 03:13
b8cb9932-6a28-4705-a542-0c85e5f9a225,arcanum.house,available,19.99,44.49,high,low,7,namesilo,,,20/09/2026 01:37
17a63dc3-7272-404e-8edc-7b566a056820,now.house,resell,,,high,medium,3,"Sav.com, LLC",25/06/2019 12:41,25/06/2027 12:41,28/09/2026 01:14
cf3f1154-04d1-436d-b51c-af01989091e4,cain.house,available,11.59,35.39,high,low,4,spaceship,,,28/09/2026 09:13
70eaef8c-dd8e-4620-a1d6-86a26a2d3c30,unheralded.house,available,12.98,55.98,medium,low,10,namecheap,,,12/09/2026 00:42
b90761ec-6bdd-4dbb-8048-cd33c21f1d09,histories.house,available,12.98,55.98,medium,low,9,namecheap,,,30/09/2026 07:13
df36f9dd-d362-4777-aa4c-04946a1c7c82,rhodium.house,available,19.99,44.49,medium,low,7,namesilo,,,20/09/2026 23:08
93526810-344b-46f9-997e-34a81341eae5,dekker.house,available,34.2,34.2,high,low,6,cloudflare,,,29/09/2026 18:35
38c40e2f-e9ec-4fc8-9841-ce134c8b0904,head.house,available,19.99,44.49,high,low,4,namesilo,,,30/09/2026 14:18
c6e7406b-b120-4003-99ef-674a0b34043b,knees.house,available,27.99,58.99,medium,low,5,name.com,,,17/09/2026 07:20
3b2e86bf-90be-4de7-bfab-6eaec2992bac,bullish.house,available,12.98,55.98,high,low,7,namecheap,,,23/09/2026 10:43
12ee5802-dced-41a9-98f8-3045e9cbf1de,herod.house,available,34.2,34.2,medium,low,5,cloudflare,,,28/09/2026 14:26
71fa58ee-c8d0-4ac6-a135-3828e9f5c46a,nearer.house,available,11.59,35.39,medium,low,6,spaceship,,,28/09/2026 14:02
0e485d3e-6f16-4121-b25e-655164ecb19c,moulding.house,available,12.98,55.98,medium,low,8,namecheap,,,24/09/2026 15:25
eb43f1cf-1b70-4c25-9859-8389265e36a7,susan.house,available,18.5,,high,low,5,unstoppable,,,01/10/2026 04:01
ce508f81-58ac-4ba5-8b7a-c8fc586c3877,widely.house,available,19.99,44.49,medium,low,6,namesilo,,,28/09/2026 16:47
4412c7ee-0541-40c4-befe-bc712debdab4,sweltering.house,available,12.98,55.98,medium,low,10,namecheap,,,11/09/2026 05:40
6bab3a08-c0ed-4d7e-99e2-ff76e147b4b7,yearner.house,available,12.98,55.98,medium,low,7,namecheap,,,15/09/2026 12:51
c89ae5c0-8230-47a6-874a-df97dabc388d,pentatonic.house,available,12.98,55.98,medium,low,10,namecheap,,,08/09/2026 15:05
e1665bf3-4261-47be-bbe2-6b598344f6a6,defects.house,available,18.5,,low,low,7,unstoppable,,,30/09/2026 07:05
6a3afed6-e138-4f4e-ad23-a3d5e09b202e,moneymakers.house,available,12.98,55.98,medium,low,11,namecheap,,,20/09/2026 18:20
d313c305-c959-45dd-8dc3-a43c3694281b,poached.house,available,12.98,55.98,medium,low,7,namecheap,,,10/08/2026 17:34
7f247361-f8fb-4348-9a18-2fabe1a6f0fc,ail.house,available,12.98,55.98,medium,low,3,namecheap,,,17/09/2026 21:05
87939b48-e216-498b-b815-2cfb2b541522,aiai.house,available,19.99,44.49,high,low,4,namesilo,,,17/09/2026 20:43
8a49bd1a-2cb5-47da-b1ac-dc4a2ee7ab9a,kilometers.house,available,11.59,35.39,medium,low,10,spaceship,,,28/09/2026 23:06
b954a98e-b47d-4799-a084-251a8f3294a8,tuscany.house,premium,78.54,78.54,high,low,7,namesilo,,,27/09/2026 16:08
5c3a493a-c9b4-4eae-a9b3-4edbd8ca43c1,bathsheba.house,available,19.99,44.49,medium,low,9,namesilo,,,22/09/2026 13:52
c3afe6ec-a215-4053-a448-5f2e0ee11180,thornless.house,available,12.98,55.98,medium,low,9,namecheap,,,11/09/2026 14:08
e93a7350-8981-4a6c-a7ee-2e1f22392959,bills.house,available,19.99,44.49,high,low,5,namesilo,,,18/09/2026 06:49
22fc419d-7352-440b-963f-00c38e685e58,rotate.house,available,11.59,35.39,high,low,6,spaceship,,,29/09/2026 02:43
197314cc-9a40-40ee-809b-4ea04e89c7c4,begonia.house,available,19.99,44.49,medium,low,7,namesilo,,,23/09/2026 02:28
a7c2b088-3fe6-4d7d-a62a-80a3d59589bd,talk.house,resell,,,high,medium,4,"Sav.com, LLC",12/01/2026 17:00,12/01/2027 17:00,30/09/2026 02:41
7be82b85-6fbd-49f8-8f2e-713acac2c5e2,bayes.house,available,12.98,55.98,high,low,5,namecheap,,,22/09/2026 18:03
f5c10a27-f908-4e74-9d73-71f60f99f51f,minder.house,available,12.98,55.98,medium,low,6,namecheap,,,21/09/2026 13:29
e233a8f2-9be0-41b4-8469-e01f489f707e,spotty.house,available,12.98,55.98,medium,low,6,namecheap,,,10/09/2026 16:37
725ac797-f37d-44d6-a44a-2125ae1595b9,brahmins.house,available,11.59,35.39,medium,low,8,spaceship,,,30/09/2026 00:48
d68901e0-69e1-4f1d-94d9-9a0ee68803a5,ponds.house,available,19.99,44.49,medium,low,5,namesilo,,,18/09/2026 22:37
36ffdf37-8bba-4ed9-8fdd-9ae24978e0bf,espouse.house,available,12.98,55.98,medium,low,7,namecheap,,,13/09/2026 09:39
f1febb97-b982-4139-ada1-300f68d20aad,occident.house,available,12.98,55.98,medium,low,8,namecheap,,,13/09/2026 10:49
08f4bb2c-703e-4c8c-bcf5-b2d412730c4a,hefty.house,available,12.98,55.98,medium,low,5,namecheap,,,11/08/2026 02:48
bbfe719e-4da2-40a5-894b-996eba78b9bd,necks.house,available,19.99,44.49,medium,low,5,namesilo,,,19/09/2026 20:42
3a48a9b9-85e7-4433-87f5-f7498f396ce7,submarines.house,available,18.5,,medium,low,10,unstoppable,,,29/09/2026 17:53
a5a3b9d8-7f29-4d89-ba19-df69ee908cbe,communism.house,available,19.99,44.49,high,low,9,namesilo,,,24/09/2026 16:38
496af2f9-e2d3-41c5-b773-35bca4902ade,nefarious.house,available,12.98,55.98,medium,low,9,namecheap,,,03/09/2026 14:57
69d9cbd2-fdbf-4af3-ad96-9cf0bfed4b6b,tanks.house,available,12.98,55.98,high,low,5,namecheap,,,01/10/2026 02:18
0d8c800b-65ac-4466-b764-e80ff57cfd64,handing.house,available,12.98,55.98,medium,low,7,namecheap,,,28/09/2026 11:31
a5367e3c-f128-4715-a534-008c588ed483,moshe.house,available,14.93,35.53,medium,low,5,porkbun,,,28/09/2026 12:12
54fb569f-50fe-4118-8eb9-f019d1409a82,bustling.house,available,12.98,55.98,high,low,8,namecheap,,,11/08/2026 11:21
16cf753a-11ce-4037-87a2-076924e783a7,usual.house,available,11.59,35.39,high,low,5,spaceship,,,28/09/2026 10:03
1c46337a-b767-4502-8086-c9589f1e86ea,improvements.house,available,12.98,55.98,medium,low,12,namecheap,,,30/09/2026 06:38
64c0a0da-a38a-4aa9-96d8-8ef0f459d059,ablution.house,available,19.99,44.49,medium,low,8,namesilo,,,16/09/2026 16:14
bf2e74c0-508b-4e01-bfbf-bba31d946a13,migrant.house,available,12.98,55.98,high,low,7,namecheap,,,24/08/2026 22:47
ebe4fe37-7969-4ef0-a960-4abb98fb5941,intro.house,available,19.99,44.49,high,low,5,namesilo,,,30/09/2026 00:18
86d3af14-eea7-419d-9f56-d9a9b4da18d6,bevan.house,available,19.99,44.49,medium,low,5,namesilo,,,29/09/2026 21:45
76cdfbf5-233b-4c65-bb2a-f8951aaf414e,bugged.house,available,19.99,44.49,medium,low,6,namesilo,,,23/09/2026 10:21
4c4af520-5b5d-487c-af21-dc6292da5a91,mat.house,available,12.98,55.98,high,low,3,namecheap,,,08/09/2026 07:48
7bce50da-9281-4f3d-ac3a-304cad4bd4d6,foodie.house,available,12.98,55.98,high,low,6,namecheap,,,17/08/2026 10:47
250d5150-1bfb-4ce3-ace4-848be9f3bf3d,analphabet.house,available,12.98,55.98,medium,low,10,namecheap,,,
8a289936-ae03-4469-aca0-1e5284e01cce,marblewood.house,available,19.99,44.49,medium,low,10,namesilo,,,19/09/2026 03:58
de90b063-1235-49ce-b51b-2ae3ba38778f,ncaa.house,available,12.98,55.98,high,low,4,namecheap,,,27/09/2026 07:11
269ff05e-f15a-4d7b-b806-3f17061932fe,travelable.house,available,12.98,55.98,medium,low,10,namecheap,,,11/09/2026 19:05
42a3ca37-9e1f-4b02-a9dd-bb13ec0c8fae,restless.house,available,15.2,36.6,high,low,8,dynadot,,,27/09/2026 12:53
e395983b-08b5-4522-bc7b-c4426602991f,acknowledged.house,available,27.99,,high,low,12,name.com,,,
6cd68198-020c-4742-921d-ddf4b4cdbc6a,binful.house,available,19.99,44.49,medium,low,6,namesilo,,,23/09/2026 17:14
15e289ad-0f43-4558-a63f-ff3f21e67837,indolent.house,available,12.98,55.98,medium,low,8,namecheap,,,17/08/2026 20:53
4af5eaf5-e12a-48fc-a4ec-d2dac7675f6b,sternberg.house,available,34.2,34.2,medium,low,9,cloudflare,,,29/09/2026 15:45
02e112a0-81ae-4ad0-8867-6a1c5eae95ef,quibble.house,available,19.99,44.49,medium,low,7,namesilo,,,23/09/2026 13:17
1f1a533f-bd6a-42b4-9853-7059ed733cd7,tearful.house,available,12.98,55.98,medium,low,7,namecheap,,,14/08/2026 15:35
ed9649e8-4a29-4ed0-8fe1-60b09d6750ec,vivian.house,available,18.5,,high,low,6,unstoppable,,,28/09/2026 03:58
6e4c2ca0-befe-4cd1-b2e1-b4607f2fc3b9,whitaker.house,available,11.59,35.39,high,low,8,spaceship,,,27/09/2026 20:44
0f821553-641c-4e4b-94c9-44f3e24406a6,leonidas.house,available,34.2,34.2,medium,low,8,cloudflare,,,01/10/2026 02:52
fff6c1f2-b17f-448d-ad28-9b6d03dcdf1d,convincing.house,available,19.99,44.49,high,low,10,namesilo,,,23/09/2026 22:56
4a542cee-ece3-425a-927b-a3083edd9057,novels.house,available,18.5,,medium,low,6,unstoppable,,,28/09/2026 23:11
58717151-739f-4e3d-99b2-26a6a7f09ed4,fails.house,available,19.99,44.49,medium,low,5,namesilo,,,18/09/2026 00:27
564ea572-f48b-4096-b8b5-03acca052d4c,arty.house,available,12.98,55.98,high,low,4,namecheap,,,06/08/2026 23:51
14894126-5062-4a2d-96c9-3ab1a820635e,screwdriver.house,available,34.2,34.2,high,low,11,cloudflare,,,01/10/2026 04:34
318c7c0c-dbe9-4c77-8cf6-d8a0425aa2af,bordered.house,available,19.99,44.49,medium,low,8,namesilo,,,22/09/2026 23:55
d7887a08-ef38-4b94-a585-501b3738090d,narrowing.house,available,12.98,55.98,high,low,9,namecheap,,,12/08/2026 23:00
d11e7c65-05ed-4d1c-8406-8ab1887638b1,hapter.house,available,12.98,55.98,medium,low,6,namecheap,,,30/09/2026 20:38
975a95d6-52a1-419a-b3b7-fe53dbf9362a,untrustworthy.house,available,27.99,,medium,low,13,name.com,,,
87b34f1e-5fc3-4ca8-b181-b45c8cf7731b,lott.house,available,11.59,35.39,medium,low,4,spaceship,,,29/09/2026 04:28
be282581-08f4-49d2-9081-ab4a510be909,pianist.house,available,11.59,35.39,high,low,7,spaceship,,,29/09/2026 13:41
965f548f-97d0-4b61-8050-37f2a01350c4,salmon.house,resell,,,high,low,6,"Sav.com, LLC - 37",05/01/2026 15:15,05/01/2027 15:15,27/09/2026 03:51
6b015143-8f7c-4e81-b818-fbcf98431294,amundsen.house,available,19.99,44.49,medium,low,8,namesilo,,,19/09/2026 00:12
7f0bf31f-b42d-4e4a-991a-18d121203801,greenwich.house,premium,118.8,118.8,high,low,9,namesilo,,,29/09/2026 12:58
52fb8c60-c88a-4004-b017-55eedb1cea1d,felted.house,available,12.98,55.98,medium,low,6,namecheap,,,18/08/2026 01:00
fe17a3f4-5048-44bf-aa7a-2326da6d2faf,schleswig.house,available,19.99,44.49,medium,low,9,namesilo,,,30/09/2026 05:21
1420eeff-32b5-4a62-a5d6-681c2a00b51d,jayne.house,available,12.98,55.98,medium,low,5,namecheap,,,29/09/2026 22:03
cd6d5b39-0929-49e9-8b9c-1b1072c4c316,refuses.house,available,18.5,,low,low,7,unstoppable,,,28/09/2026 09:00
dad66865-237f-4ce2-ad2e-6aa90bfae576,hugging.house,available,19.99,44.49,high,low,7,namesilo,,,24/09/2026 12:55
558e655e-461a-4f0c-b176-5c8cec81f48a,puddings.house,available,19.99,44.49,medium,low,8,namesilo,,,19/09/2026 22:22
9e0138ea-54c2-4622-9a8b-2ea69ed075f1,restraining.house,available,19.99,44.49,medium,low,11,namesilo,,,29/09/2026 03:20
c7d4f85b-3a75-49ae-aab7-516998aee102,rows.house,available,15.2,36.6,low,low,4,dynadot,,,29/09/2026 10:22
6dd7bb05-f961-4561-ba1c-fd8388149780,floss.house,available,12.98,55.98,high,low,5,namecheap,,,24/09/2026 21:54
180bbc11-fcf5-47b8-a690-ed2167776f40,facilitation.house,available,12.98,55.98,high,low,12,namecheap,,,17/09/2026 01:02
148c4b7c-950b-4bba-97f3-108ad9d3aa5a,spay.house,available,12.98,55.98,medium,low,4,namecheap,,,03/09/2026 16:33
a3bbb706-6e39-49b1-a472-22c9dc581e83,alcoves.house,available,12.98,55.98,low,low,7,namecheap,,,20/09/2026 22:35
554813a5-4c36-4336-9e52-b1c1989507e9,delicate.house,available,12.98,55.98,high,low,8,namecheap,,,24/09/2026 05:30
15304e29-c5a5-4b15-879c-95d15a5f3213,grumbler.house,available,12.98,55.98,medium,low,8,namecheap,,,23/09/2026 06:49
90c5836b-566d-4ff1-8be7-e32d6129e3d6,tamable.house,available,12.98,55.98,medium,low,7,namecheap,,,11/09/2026 07:36
3aa02fd4-042e-46fa-82a4-d703cf232727,admits.house,available,19.99,44.49,medium,low,6,namesilo,,,29/09/2026 10:40
c2d908c0-fcd3-4514-a1fb-4b7f7dc0784b,internationally.house,available,27.99,,medium,low,15,name.com,,,
b501ad37-397a-43fc-be2b-49c44c825ef7,kuomintang.house,available,19.99,44.49,medium,low,10,namesilo,,,28/09/2026 14:23
2ab61ebe-89ef-40bf-b7eb-ac0691c44366,flourishing.house,available,27.99,,high,low,11,name.com,,,
02bdc637-3bc8-406a-9f9c-77ee2df0ac42,joanne.house,available,11.59,35.39,high,low,6,spaceship,,,27/09/2026 19:17
97aab141-521b-4445-958c-0ee68737a8c2,clue.house,available,19.99,44.49,high,low,4,namesilo,,,29/09/2026 10:03
0fcd8437-9004-49d9-a65d-745d6f2ba7fd,egoistic.house,available,12.98,55.98,medium,low,8,namecheap,,,15/08/2026 18:54
a44fc838-aa05-488f-8345-caf62402941e,mangold.house,available,19.99,44.49,medium,low,7,namesilo,,,23/09/2026 11:02
dc7f2fe1-dd69-4c5c-8e0c-8c8bb7573b1d,valery.house,available,18.5,,medium,low,6,unstoppable,,,30/09/2026 13:51
8540a2be-b953-444b-a907-57f3fb775e88,keyless.house,available,12.98,55.98,medium,low,7,namecheap,,,22/08/2026 15:44
55514341-d8e8-4607-9487-aec0d9bb6da7,fatigue.house,available,19.99,44.49,high,low,7,namesilo,,,25/09/2026 11:36
80876e57-7726-4e75-8ada-191a360312e5,comfort.house,resell,,,high,low,7,"Spaceship, Inc.",01/06/2026 15:05,01/06/2027 15:05,26/09/2026 05:08
bfd4689d-061d-48b7-9c57-ee0493be7d1d,aficionado.house,available,19.99,44.49,high,low,10,namesilo,,,17/09/2026 15:01
6979e98f-7c64-4192-9f7d-28df64a1a096,rudderless.house,available,12.98,55.98,medium,low,10,namecheap,,,
4fc42ec5-8f79-489a-8e7c-8c57b80eba85,yamaha.house,available,19.99,44.49,high,low,6,namesilo,,,29/09/2026 03:39
21ba846a-2730-46d6-b60a-9d13397d99d7,dashed.house,available,27.99,58.99,high,low,6,name.com,,,13/08/2026 18:27
5cef676f-130b-4d07-a29d-5ae0eb452030,locomotor.house,available,12.98,55.98,high,low,9,namecheap,,,24/08/2026 08:50
3b88d38d-8e62-455f-ad24-3e4beb91eca5,convertible.house,available,34.2,34.2,medium,low,11,cloudflare,,,28/09/2026 15:45
548689ae-bee6-4b9a-90a8-efee0599040d,doubts.house,available,11.59,35.39,low,low,6,spaceship,,,28/09/2026 04:45
76d3d996-95cc-4ee6-a4f6-1f4b24d1594f,lung.house,available,19.99,44.49,high,low,4,namesilo,,,27/09/2026 14:50
aaba6f59-1149-4456-af25-16e062fda8ca,marcia.house,available,15.2,36.6,high,low,6,dynadot,,,28/09/2026 03:56
c4d2aa96-4e32-4eba-ae15-2947c94a1a6d,robustness.house,available,12.98,55.98,high,low,10,namecheap,,,29/09/2026 19:07
6e8a7f40-197a-4dbe-bdb3-0b1a4220f72d,perceiving.house,available,27.99,,high,low,10,name.com,,,
67ba1e0c-829c-4a14-814e-7cde7125c170,sweeping.house,available,12.98,55.98,high,low,8,namecheap,,,11/09/2026 05:31
e86c4e64-7688-4c40-a9ec-50446cdb81da,batteries.house,available,19.99,44.49,medium,low,9,namesilo,,,27/09/2026 23:45
96efcb2f-ed6c-4f15-b86a-0ef5e91710ce,mechanized.house,available,19.99,44.49,medium,low,10,namesilo,,,19/09/2026 16:26
4030bb7e-a52d-4fb2-8e75-6824b3fb85cf,peppery.house,available,12.98,55.98,medium,low,7,namecheap,,,08/09/2026 15:37
f8359a5c-3500-4efb-baf3-a89aba9406c1,hierarchy.house,available,19.99,44.49,high,low,9,namesilo,,,30/09/2026 10:07
678605e3-10a8-4190-bdbb-06d196968b9c,ayres.house,available,11.59,35.39,medium,low,5,spaceship,,,28/09/2026 12:24
56d661e2-6a17-4f74-832e-344edf19eabc,tattler.house,available,12.98,55.98,medium,low,7,namecheap,,,11/09/2026 10:30
dadd47e0-b7c1-4592-8fc0-19a937901256,announcing.house,available,18.5,,medium,low,10,unstoppable,,,29/09/2026 05:34
90f6fcc1-5b95-41ea-a3ae-03984699ec29,persuade.house,available,34.2,34.2,high,low,8,cloudflare,,,27/09/2026 16:35
fb600eab-a0aa-4821-84c6-39b3b03f5ce3,grouping.house,available,18.5,,high,low,8,unstoppable,,,29/09/2026 21:36
32d4b343-523b-41b8-acdd-94a9807a4b00,borders.house,available,34.2,34.2,medium,low,7,cloudflare,,,28/09/2026 23:27
8d0afa01-0409-4ff7-986c-e655d4163fa9,smallest.house,available,12.98,55.98,medium,low,8,namecheap,,,28/09/2026 17:15
605bafd5-73e4-49d4-8d91-0b5498da29bd,unintended.house,available,12.98,55.98,medium,low,10,namecheap,,,12/09/2026 13:30
c3f87764-0dbb-4833-a097-8bf40f338ecb,recklessly.house,available,12.98,55.98,medium,low,10,namecheap,,,15/09/2026 22:49
f9c757a3-6a93-4f9f-802e-a00eb5c441a0,succulent.house,available,12.98,55.98,high,low,9,namecheap,,,11/09/2026 00:58
2a37be39-96e1-4308-9fd0-e9327a8ee3f5,assemblages.house,available,15.2,36.6,low,low,11,dynadot,,,29/09/2026 05:48
596ffed8-873e-4334-8907-c35fda9fae28,maturity.house,available,12.98,55.98,high,low,8,namecheap,,,17/09/2026 10:27
b61f2e08-637c-4855-9074-78a6b21638d1,rainfall.house,available,19.99,44.49,high,low,8,namesilo,,,30/09/2026 10:55
6549bcc5-a924-4262-aeae-738050dbb75f,merrily.house,available,12.98,55.98,high,low,7,namecheap,,,14/09/2026 00:25
c50cea34-89da-4475-933d-953abd25eb0f,este.house,available,11.59,35.39,high,low,4,spaceship,,,29/09/2026 15:17
b4a75f74-7b81-42cd-880b-28d57469cc2e,rumination.house,available,12.98,55.98,medium,low,10,namecheap,,,03/09/2026 11:31
26a50962-9fd4-4d57-9cad-d44306859c66,smitten.house,available,12.98,55.98,high,low,7,namecheap,,,16/08/2026 21:16
afa201a1-bfb3-468e-9c92-86bdc1a21d63,carnal.house,available,12.98,55.98,high,low,6,namecheap,,,
20aafb3e-509b-40ed-bb83-a3b95e961355,kilogram.house,available,19.99,44.49,high,low,8,namesilo,,,30/09/2026 01:44
c80fdbb2-2f51-41be-bf82-29bca8c6ac13,malayalam.house,available,11.59,35.39,high,low,9,spaceship,,,30/09/2026 17:57
f6240a8a-aac3-48a3-b0e7-3cb23880549a,bonneville.house,available,11.59,35.39,medium,low,10,spaceship,,,28/09/2026 16:50
0e578fe2-358e-4beb-8ba9-13cd1a3dbeb7,boast.house,available,12.98,55.98,high,low,5,namecheap,,,11/08/2026 01:02
7f15d302-709b-4f18-ac6d-7bf7fd13b045,chelate.house,available,12.98,55.98,medium,low,7,namecheap,,,12/08/2026 04:03
0698287a-6883-4a8b-a494-bd6264124a1d,midwinter.house,available,27.99,,medium,low,10,name.com,,,
dae8322d-297c-430e-8b6d-65f87922ab9b,quitting.house,available,19.99,44.49,medium,low,8,namesilo,,,17/09/2026 01:45
595cb923-5f47-48b0-b9d0-17117a5f1233,bhutanese.house,available,12.98,55.98,medium,low,9,namecheap,,,09/08/2026 18:24
8025f3a5-71d9-4e26-a47a-e959669dee09,oath.house,available,11.59,35.39,high,low,4,spaceship,,,27/09/2026 12:47
9179a03f-88a0-49e7-8e98-570335062aa2,parkes.house,available,18.5,,medium,low,6,unstoppable,,,29/09/2026 22:23
649acae2-6eb4-4557-b328-174741b23be4,stilted.house,available,12.98,55.98,medium,low,7,namecheap,,,10/09/2026 20:37
3dfe0d42-14d9-4171-b7d5-3bdf8ed6f98c,dose.house,available,19.99,44.49,high,low,4,namesilo,,,29/09/2026 00:13
4f579cd9-96a8-4660-a51c-070475f69f30,forfeit.house,available,12.98,55.98,high,low,7,namecheap,,,12/08/2026 21:00
5291474c-1511-4fc5-bfbb-ce0345868831,pba.house,available,15.2,36.6,high,low,3,dynadot,,,29/09/2026 14:26
75a26b64-7631-44e1-9c6b-6f1a0ec4201a,television.house,available,18.5,55.98,high,low,10,unstoppable,,,28/09/2026 15:29
800a2add-d1fd-45b9-8b13-37a7201066b6,kale.house,available,19.99,44.49,high,low,4,namesilo,,,24/09/2026 06:48
4517ca53-f338-4634-9601-bf71910aa38b,penumbral.house,available,12.98,55.98,medium,low,9,namecheap,,,08/09/2026 15:25
2b10be97-07ac-4b24-b618-701a5e30afc6,alistair.house,available,15.2,36.6,high,low,8,dynadot,,,30/09/2026 04:50
f08e96dc-b5a8-4cbc-8bbe-6ee4287e8995,pocahontas.house,available,19.99,44.49,high,low,10,namesilo,,,29/09/2026 07:34
c1600756-3831-4c9a-aa92-51cceea001ae,ebonics.house,available,19.99,44.49,medium,low,7,namesilo,,,16/09/2026 13:39
45af3974-21c0-4231-84bf-116d268c1cec,unrelated.house,available,12.98,55.98,medium,low,9,namecheap,,,12/09/2026 18:04
b758596e-0f12-4f4b-8290-066d5d925a5b,disarray.house,available,19.99,44.49,medium,low,8,namesilo,,,24/09/2026 17:15
db0cbdee-b45d-426b-b1e8-19d0a7e60c7d,georgians.house,available,34.2,34.2,medium,low,9,cloudflare,,,01/10/2026 01:07
f13af343-8975-412a-935e-eaf3ee3fb8c1,recovered.house,available,12.98,55.98,high,low,9,namecheap,,,13/08/2026 11:06
c12b7f58-bbf7-4f90-95ae-8f3f845ebcce,promote.house,available,12.98,55.98,high,low,7,namecheap,,,28/09/2026 03:19
3188efbd-fe9f-40a4-8357-169ec92e5d0a,prostate.house,available,12.98,55.98,high,low,8,namecheap,,,09/09/2026 03:47
86866022-220b-4804-8810-c0e8f687bca3,amber.house,resell,,,high,low,5,"Sav.com, LLC",07/09/2025 16:46,07/09/2027 16:46,26/09/2026 03:50
e9f77ea4-93fa-4e51-8993-10bff89c377c,voluntarily.house,available,19.99,44.49,high,low,11,namesilo,,,01/10/2026 05:44
570b32d2-1544-4c93-884b-76613ec2d562,contrived.house,available,12.98,55.98,medium,low,9,namecheap,,,12/08/2026 23:42
c68e02d6-d418-40f9-9791-fb50905b3f2c,testing.house,available,34.2,34.2,high,low,7,cloudflare,,,30/09/2026 13:10
def18e5b-4280-4bfb-891a-eca46dcbfda3,either.house,available,19.99,44.49,medium,low,6,namesilo,,,28/09/2026 14:39
b69265c1-d64d-49db-8167-2d54b6752851,lick.house,available,19.99,44.49,medium,low,4,namesilo,,,29/09/2026 02:30
59f3107e-738b-4cbc-9ca7-6e83cc9b4b95,calming.house,available,12.98,55.98,high,low,7,namecheap,,,19/09/2026 20:28
cb77c5f6-cfa4-4754-8591-3295ff9b5535,pliability.house,available,12.98,55.98,medium,low,10,namecheap,,,23/09/2026 07:42
9458ad5b-70cf-45db-a122-3d46956bc304,healthful.house,available,12.98,55.98,high,low,9,namecheap,,,21/08/2026 02:02
4b7ca6ff-fc9a-4eeb-b0dd-cd183a6a5817,unskilled.house,available,12.98,55.98,medium,low,9,namecheap,,,
34fe7a26-79df-4d78-808c-1fd9be2d30a0,luanda.house,premium,78.54,78.54,medium,low,6,namesilo,,,19/09/2026 06:58
a1dd654f-e7d5-4f6a-9f72-611268ce51e7,sherry.house,premium,78.54,78.54,medium,low,6,namesilo,,,28/09/2026 15:20
a3f245e2-1e2b-4ae3-9732-9f405b0c08b5,visored.house,available,12.98,55.98,medium,low,7,namecheap,,,13/09/2026 06:15
e06e0049-db0f-415f-877f-3e9267cd186e,biaxal.house,available,12.98,55.98,medium,low,6,namecheap,,,09/08/2026 18:46
af92b8df-30c6-4b37-99b9-60642b7b3925,animalia.house,available,19.99,44.49,medium,low,8,namesilo,,,19/09/2026 08:37
a518158f-908e-4d8e-a373-5fe82c2599de,fodder.house,available,19.99,44.49,medium,low,6,namesilo,,,24/09/2026 12:05
22138cda-867a-4550-b2e0-704e3c939cfa,tale.house,available,12.98,55.98,high,low,4,namecheap,,,03/09/2026 13:20
eb55099c-4ae5-4a69-9dbe-699ffb31106a,ostensibly.house,available,12.98,55.98,medium,low,10,namecheap,,,13/09/2026 20:26
d2ccbd0b-89c8-4687-872c-6ea222d18fee,widespread.house,available,12.98,55.98,high,low,10,namecheap,,,24/09/2026 16:57
324ecf81-c1ef-4244-bb46-e344bf80245d,packaged.house,available,12.98,55.98,high,low,8,namecheap,,,04/09/2026 22:44
1900727e-6b41-4ea8-af94-d3d3110ab38c,soundlike.house,available,27.99,,low,low,10,name.com,,,
73fb6ebc-a5d9-438d-9272-4fb0363df774,commute.house,available,19.99,44.49,high,low,7,namesilo,,,30/09/2026 09:14
aa212ae7-a3e1-4fac-a751-1d10cf8ba767,anther.house,available,12.98,55.98,medium,low,6,namecheap,,,19/09/2026 13:08
bb743282-62ec-4d00-a87a-c1f53787e55d,unlined.house,available,12.98,55.98,medium,low,7,namecheap,,,12/09/2026 14:54
fa589bdf-b616-4784-8664-293d638fc0fc,suppose.house,available,14.93,35.53,high,low,7,porkbun,,,29/09/2026 11:02
28737abe-cb77-4cc0-91ba-25450c9fd34b,fertilizer.house,available,12.98,55.98,high,low,10,namecheap,,,29/09/2026 06:53
12e13fc4-633f-4041-b733-e469a423c323,submersed.house,available,12.98,55.98,medium,low,9,namecheap,,,10/09/2026 23:32
dfdecd2a-e97b-4082-9619-d464cbe9e860,reversible.house,available,11.59,35.39,high,low,10,spaceship,,,27/09/2026 14:17
44736f9f-72fd-46c5-a070-1745fdadc511,chatterbox.house,available,19.99,44.49,high,low,10,namesilo,,,21/09/2026 12:28
1051f099-a24e-4cf6-8113-fe0e33eccac3,erotic.house,available,12.98,55.98,high,low,6,namecheap,,,17/08/2026 12:42
8d006c63-956e-4bda-9583-02077895b0de,shortness.house,available,19.99,44.49,medium,low,9,namesilo,,,16/09/2026 17:27
8cbe30e5-2679-4ef6-8438-d576cc14d35b,scheming.house,available,12.98,55.98,medium,low,8,namecheap,,,11/08/2026 14:03
664e4e02-dcf9-4091-a7a5-29a60c81aed6,aliyah.house,available,12.98,55.98,high,low,6,namecheap,,,18/09/2026 08:11
f1e45825-6372-4584-81c5-68acec057c92,clipping.house,available,12.98,55.98,high,low,8,namecheap,,,24/09/2026 15:47
23ee91b3-d50f-48a3-abde-376dbf678c3e,abides.house,available,19.99,44.49,medium,low,6,namesilo,,,18/09/2026 17:00
ef403eab-79b6-456b-ac72-0a9ace100df3,droning.house,available,12.98,55.98,medium,low,7,namecheap,,,25/08/2026 05:28
a044ec54-21a6-4096-9b7a-13ad5f9f244e,snuggled.house,available,12.98,55.98,medium,low,8,namecheap,,,03/09/2026 15:48
48be7d5c-a744-48e0-8bb1-0e0d5d08496a,while.house,available,19.99,44.49,high,low,5,namesilo,,,30/09/2026 14:40
954c3196-6d79-4da2-b01f-3e314b5f344e,neandertal.house,available,12.98,55.98,medium,low,10,namecheap,,,10/08/2026 19:30
d0541320-9cec-4cbb-ba4a-5413317281da,camps.house,available,11.59,35.39,medium,low,5,spaceship,,,28/09/2026 18:04
cf624680-c8bb-410a-bb72-50293428b14f,manly.house,available,12.98,55.98,high,low,5,namecheap,,,24/08/2026 14:44
bb8b588f-f4bd-48fd-82cc-34845ae7f0e6,spiritual.house,resell,,,high,low,9,"Sav.com, LLC - 39",08/08/2024 17:00,08/08/2027 17:00,27/09/2026 06:44
39df97fc-7296-487c-9f92-0aeda45bd254,luka.house,available,19.99,44.49,high,low,4,namesilo,,,30/09/2026 13:02
9751d496-0967-4fee-a8f7-27b8b758c38a,clanking.house,available,12.98,55.98,medium,low,8,namecheap,,,12/08/2026 09:33
4da3ac4b-f390-4185-a12d-04ed3a93e561,innermost.house,available,12.98,55.98,medium,low,9,namecheap,,,22/08/2026 05:53
9ea2c70b-eb86-4886-8ccf-768f2955d147,better.house,resell,,,high,medium,6,"Sav.com, LLC",25/06/2016 08:56,25/06/2027 08:56,26/09/2026 04:23
c8753015-04e5-4dd4-bb41-e1ffa8104abe,converting.house,available,34.2,34.2,medium,low,10,cloudflare,,,29/09/2026 23:06
5993cb1c-5664-4793-a68d-fefe973ddf34,ambler.house,available,19.99,44.49,medium,low,6,namesilo,,,18/09/2026 17:07
fcebd11d-4b6d-4a2c-937d-7aed0b138908,employers.house,available,18.5,,medium,low,9,unstoppable,,,30/09/2026 06:06
d0f766d3-ef1a-4f06-8eb5-1e2c4cc56acf,apia.house,available,12.98,55.98,medium,low,4,namecheap,,,19/09/2026 17:18
728f1dda-0e17-4177-829e-2146bc649b18,marcellus.house,available,19.99,44.49,medium,low,9,namesilo,,,29/09/2026 15:33
7959a28d-fdcc-4d7e-b48d-660d675e7e75,drugs.house,available,19.99,44.49,medium,low,5,namesilo,,,25/09/2026 16:42
232cfea2-2f89-460e-abda-3eb4150b44a8,sneak.house,available,19.99,44.49,high,low,5,namesilo,,,23/09/2026 12:44
4ccdd02a-4329-409a-9c33-ec5b4b8f6cb3,loading.house,available,19.99,44.49,high,low,7,namesilo,,,24/09/2026 12:57
1efe2656-5090-4dc5-b57f-09e5fb7dec08,heavyset.house,available,12.98,55.98,medium,low,8,namecheap,,,21/08/2026 05:31
5c6dcd2b-78dc-426e-b54c-f67ea8a84187,rinehart.house,available,11.59,35.39,medium,low,8,spaceship,,,29/09/2026 22:34
17b0e343-dd15-43cb-82ae-ae544b10b1e5,grungy.house,available,12.98,55.98,low,low,6,namecheap,,,09/08/2026 09:36
69abfde4-3aa9-49bc-bf73-b5d4a81b1b15,endanger.house,available,19.99,44.49,high,low,8,namesilo,,,30/09/2026 02:16
4208e279-ef6e-4c60-89c1-4da746952ad3,resources.house,available,27.99,,high,low,9,name.com,,,
94e4b10c-a052-46f1-8e6a-518fb3613a76,paragraph.house,available,12.98,55.98,high,low,9,namecheap,,,28/09/2026 15:02
3851f120-e808-44ee-a51f-8da0384bfce2,layman.house,available,12.98,55.98,medium,low,6,namecheap,,,10/09/2026 01:24
eb42f6f9-0896-48ee-b3c2-0ac4ed61a487,approval.house,available,12.98,55.98,high,low,8,namecheap,,,08/09/2026 15:18
099c8f1e-3559-4667-adea-30906ce566eb,nympho.house,available,12.98,55.98,medium,low,6,namecheap,,,03/09/2026 23:18
a21d3c90-a4dc-45dd-8890-c4342666094e,lecherous.house,available,12.98,55.98,medium,low,9,namecheap,,,22/08/2026 22:17
4cc22b0f-d854-4a18-bf5d-281af4f039a5,vie.house,available,19.99,44.49,high,low,3,namesilo,,,30/09/2026 17:35
fa91e769-2a2c-4fe3-850a-606a2acd45fd,secondly.house,available,19.99,44.49,medium,low,8,namesilo,,,27/09/2026 19:26
b4f5d561-045f-4bf3-95dd-70d1691df2e7,propose.house,available,12.98,55.98,high,low,7,namecheap,,,30/09/2026 08:54
7b58e5ad-a1c0-41bd-b3cd-3740df836eb1,demonic.house,available,12.98,55.98,medium,low,7,namecheap,,,14/08/2026 01:26
4319488e-e9ac-4774-b8ab-d682efe4ef0b,connelly.house,available,19.99,44.49,medium,low,8,namesilo,,,29/09/2026 04:23
57e1bee5-6b37-491a-a106-ed416aed7cd9,vanity.house,resell,27.99,,high,low,6,name.com,,,28/09/2026 21:03
49f1ea87-9cbc-45fe-a601-7e0d6b7adf60,sabin.house,available,19.99,44.49,medium,low,5,namesilo,,,18/09/2026 02:37
568d06a2-c4b5-4e7f-9e5e-9db1aecd8b10,inhibit.house,available,12.98,55.98,high,low,7,namecheap,,,30/09/2026 16:14
53afca87-a4a7-4be8-9032-7c7ab07ceecb,joan.house,premium,78.54,78.54,high,low,4,namesilo,,,25/09/2026 11:39
29cbb648-3d83-4c11-b827-610bac026f9d,cliquish.house,available,12.98,55.98,high,low,8,namecheap,,,12/08/2026 11:17
2d777550-f070-4381-8e03-1da785907565,gadolinium.house,available,12.98,55.98,medium,low,10,namecheap,,,20/09/2026 23:27
ab4e1397-1535-47e8-8227-9391a6e99f47,sorts.house,available,19.99,44.49,medium,low,5,namesilo,,,27/09/2026 10:13
ec779afc-d7af-41c0-8611-b2af316530f1,iodized.house,available,12.98,55.98,medium,low,7,namecheap,,,22/08/2026 09:18
6e7696b8-9f89-43aa-87d0-00bcbe63ec64,steuben.house,available,19.99,44.49,medium,low,7,namesilo,,,22/09/2026 07:05
3f0940da-603a-4c28-89d7-c19e60640788,scars.house,available,19.99,44.49,medium,low,5,namesilo,,,20/09/2026 11:02
0647e645-9dcb-4c04-b83c-296c099014bd,arundo.house,available,19.99,44.49,medium,low,6,namesilo,,,20/09/2026 12:25
2d7d190b-55f0-4ed5-a835-d054b2e0b49b,shrewdness.house,available,12.98,55.98,high,low,10,namecheap,,,20/09/2026 18:18
ed8567b6-1393-45ba-a608-8424b0d17d27,proofs.house,available,19.99,44.49,medium,low,6,namesilo,,,18/09/2026 06:55
3c1d2fb4-37b4-4894-9d43-a210cf8e94f5,parke.house,available,19.99,44.49,medium,low,5,namesilo,,,28/09/2026 22:16
c77a32ed-adc9-4627-8b3c-eb9daa742dc8,thinks.house,available,19.99,44.49,high,low,6,namesilo,,,18/09/2026 15:23
229ec28e-90a8-4308-a2ff-15f492921e51,obnoxious.house,available,12.98,55.98,medium,low,9,namecheap,,,03/09/2026 23:32
09b9d6de-2dae-47b1-94bd-0e0a25686c7e,nocent.house,available,12.98,55.98,medium,low,6,namecheap,,,03/09/2026 18:02
46adb36d-40f2-4639-96d9-357cf29f00aa,catechetic.house,available,12.98,55.98,medium,low,10,namecheap,,,11/08/2026 21:25
c76df3c0-6b43-47f0-8d98-c7011ae90df1,carbonic.house,available,12.98,55.98,medium,low,8,namecheap,,,11/08/2026 18:37
9704389e-74e9-430e-a027-b5348d4a20a7,pretend.house,available,12.98,55.98,high,low,7,namecheap,,,25/09/2026 16:18
d5a7a5b9-e50d-425f-9d79-2f5f32ee1b70,elfish.house,available,12.98,55.98,medium,low,6,namecheap,,,16/08/2026 03:41
4066f249-82a3-471c-a6dd-8ed757d0853e,evident.house,available,12.98,55.98,high,low,7,namecheap,,,06/08/2026 05:13
aa40ea15-57d4-480c-89e9-11ab19a6976a,scarcely.house,available,12.98,55.98,medium,low,8,namecheap,,,09/09/2026 22:55
a6b97061-b8a0-4f8d-a6c2-31a8c81335a7,serb.house,available,12.98,55.98,high,low,4,namecheap,,,10/09/2026 04:35
a4f813ad-9e5b-4817-9a98-1bf4fd1afad1,latest.house,available,12.98,55.98,high,low,6,namecheap,,,
7f7d632e-9c58-408b-aa90-09b951d8135a,gettysburg.house,available,19.99,44.49,medium,low,10,namesilo,,,22/09/2026 15:05
9d3ef689-cb0a-43ad-804a-254123e83ef1,onwards.house,available,12.98,55.98,high,low,7,namecheap,,,14/09/2026 19:51
bd9c5c99-072c-4fd9-be20-99464be18a5f,analysts.house,available,19.99,44.49,medium,low,8,namesilo,,,30/09/2026 07:46
a5deb2d1-2c71-4dbf-aa2a-91cd91758599,abetment.house,available,19.99,44.49,medium,low,8,namesilo,,,16/09/2026 15:17
32c9349d-3cc5-48e7-bad6-fb85dc067c74,robe.house,available,19.99,44.49,high,low,4,namesilo,,,28/09/2026 06:41
daf982a0-5833-4b45-8835-f7b742fa86c8,limber.house,available,12.98,55.98,high,low,6,namecheap,,,23/08/2026 11:08
19243f59-0df0-42a5-a0ca-f6ba2a3bd7a0,ballot.house,available,19.99,44.49,high,low,6,namesilo,,,21/09/2026 23:15
48c7547a-1bc0-451f-9300-3f80d213485e,fruity.house,available,12.98,55.98,high,low,6,namecheap,,,06/08/2026 21:00
d1c481dc-d129-4823-9d83-8197c7e2da29,tractable.house,available,12.98,55.98,medium,low,9,namecheap,,,24/08/2026 15:10
7d3d6369-a798-471e-9a4a-db1a341ee372,vasily.house,available,18.5,,medium,low,6,unstoppable,,,30/09/2026 13:44
3ef7162f-7b02-47fa-bde2-cb49357a6ad1,fusible.house,available,12.98,55.98,medium,low,7,namecheap,,,18/08/2026 19:06
221c59e1-cd10-468b-8810-793361eb7ff6,taleteller.house,available,12.98,55.98,medium,low,10,namecheap,,,11/09/2026 10:32
8454408c-54b3-419e-9473-6af04dd347c2,insects.house,available,14.93,35.53,medium,low,7,porkbun,,,28/09/2026 22:56
2c053801-4089-414d-b147-2f1e14b31824,impossibility.house,available,34.2,34.2,medium,low,13,cloudflare,,,30/09/2026 23:16
9ad92308-0a21-41a0-b238-fbc734e3ea2b,discontent.house,available,12.98,55.98,medium,low,10,namecheap,,,14/08/2026 09:59
078977fd-1c48-4a0d-adef-422878596e2b,lumber.house,resell,,,high,low,6,"Global Domains International, Inc. DBA DomainCostClub.com",30/08/2024 22:35,30/08/2027 22:35,26/09/2026 07:20
455bc201-ad51-4666-a105-7f3ff9d96c7c,missionaries.house,available,15.2,36.6,medium,low,12,dynadot,,,30/09/2026 15:09
a85b4e2e-4beb-4904-830f-093781acf291,yuman.house,available,12.98,55.98,medium,low,5,namecheap,,,13/09/2026 14:54
45d995ba-2df2-4fbf-87d0-6684166b08db,abruzzi.house,available,19.99,44.49,medium,low,7,namesilo,,,16/09/2026 17:28
14278da9-2c5d-43f1-9f30-5a1d5826d811,provided.house,available,19.99,44.49,medium,low,8,namesilo,,,16/09/2026 09:17
37184ba3-028f-4fd7-af32-ddd29cb66c99,akka.house,available,19.99,44.49,high,low,4,namesilo,,,16/09/2026 22:23
b1815f4c-b1cf-43d1-81f2-bad2b6a665b2,luteal.house,available,12.98,55.98,medium,low,6,namecheap,,,24/08/2026 12:07
360abeb8-4e2f-4ec1-be4d-8e1fd060a93c,diseases.house,available,19.99,44.49,low,low,8,namesilo,,,17/09/2026 16:41
3c3ac635-e71c-4da5-b5d6-8b9b3c74bcc8,citizens.house,available,19.99,44.49,high,low,8,namesilo,,,18/09/2026 15:13
bdb95bf1-9213-4d49-9845-ae71f4bf243a,tricuspid.house,available,12.98,55.98,medium,low,9,namecheap,,,11/09/2026 19:29
d8391e04-ea1c-4029-a2ff-aa206a86159a,unharmed.house,available,12.98,55.98,high,low,8,namecheap,,,12/09/2026 12:00
4900226d-494a-4010-aaf3-a7fd17c0c3d9,bextra.house,available,19.99,44.49,medium,low,6,namesilo,,,23/09/2026 12:09
356b0be1-dba4-4733-af9a-5ef2ea6d025a,fighter.house,available,12.98,55.98,medium,low,7,namecheap,,,09/08/2026 13:34
317604c8-1431-4037-8872-63bd6ce24d95,gaudy.house,available,12.98,55.98,medium,low,5,namecheap,,,18/08/2026 06:37
326bdc35-4a77-4b1a-a186-a275d2f11417,tighten.house,available,15.2,36.6,high,low,7,dynadot,,,29/09/2026 14:16
dec66d18-e92a-40e2-9b0b-e0713b29cae5,barmaid.house,available,19.99,44.49,high,low,7,namesilo,,,22/09/2026 06:36
879583db-9fda-4f02-9f83-8c6df7d5e2de,digestion.house,available,34.2,34.2,high,low,9,cloudflare,,,30/09/2026 01:19
49afe33c-a55d-4f2a-81ac-e3b434f37b1b,bromic.house,available,12.98,55.98,medium,low,6,namecheap,,,11/08/2026 05:32
c6c2a5a0-6be0-44fe-8195-32fbd5c12ccf,amaurosis.house,available,19.99,44.49,medium,low,9,namesilo,,,18/09/2026 16:17
88c5e5a1-32d0-4194-a425-4ddc3a332ad1,acting.house,available,19.99,44.49,high,low,6,namesilo,,,21/09/2026 16:22
3b78beae-73e1-4ff5-b390-1dbb0e581245,raffish.house,available,27.99,58.99,medium,low,7,name.com,,,13/08/2026 17:31
aaa450db-fe53-43b1-aace-5f691e38326b,non.house,premium,102.67,102.67,medium,low,3,spaceship,,,28/09/2026 16:25
f78d729c-758f-4b2c-b22b-e9ea9477c01c,pounds.house,available,19.99,44.49,medium,low,6,namesilo,,,18/09/2026 01:51
02a6e026-7d9b-49e0-afb1-824862435615,ilya.house,available,18.5,,high,low,4,unstoppable,,,30/09/2026 13:44
330c7bcd-a80b-45b2-b483-c217691f4d83,focussed.house,available,12.98,55.98,high,low,8,namecheap,,,18/08/2026 09:47
d9cedaa9-052a-4907-bb65-52f401cb6cc5,topological.house,available,11.59,35.39,medium,low,11,spaceship,,,29/09/2026 23:29
09a97a3f-b0d2-4c6d-b9d3-63429379dda6,platinum.house,premium,78.54,78.54,high,low,8,namesilo,,,20/09/2026 23:50
5d1461b4-b4f4-443a-99c7-3bfba28fb54d,scoops.house,available,12.98,55.98,medium,low,6,namecheap,,,20/09/2026 12:19
403bead5-5409-4882-8cde-017c1d7e33d4,oaken.house,available,12.98,55.98,medium,low,5,namecheap,,,03/09/2026 23:26
c6657be2-c1f5-4e33-af93-c70b450b95a9,tashkent.house,premium,38.94,38.94,medium,low,8,namesilo,,,24/09/2026 12:32
12464ad2-4238-4213-a94c-4920cd57284c,bedpost.house,available,19.99,44.49,high,low,7,namesilo,,,22/09/2026 23:29
c0c37f1e-fd7a-4b26-940f-870c7e83cf7a,arpeggio.house,available,19.99,44.49,high,low,8,namesilo,,,20/09/2026 08:37
ca9f1f3e-1ac5-43c5-95a0-c4bde95f4d77,charily.house,available,12.98,55.98,medium,low,7,namecheap,,,14/09/2026 06:17
8d5c07a2-1088-4bf0-97d3-17932dbca902,cloves.house,available,19.99,44.49,medium,low,6,namesilo,,,17/09/2026 13:15
8f287ac8-e16b-4663-84e4-0b610422b290,fatally.house,available,12.98,55.98,medium,low,7,namecheap,,,14/09/2026 17:51
c5a9544e-c639-49f4-883d-183aff80a0a2,application.house,available,19.99,44.49,high,low,11,namesilo,,,27/09/2026 02:05
c6fcfed1-2d0e-46c4-bfb4-efa055a38421,dais.house,available,19.99,44.49,high,low,4,namesilo,,,18/09/2026 17:12
66f03328-18c1-4d3a-a94e-b48d77bcee02,approach.house,available,12.98,55.98,high,low,8,namecheap,,,06/08/2026 08:44
0b3c2dbf-0e4c-47b2-9715-f5518f9f7e82,thereabout.house,available,19.99,44.49,medium,low,10,namesilo,,,16/09/2026 08:39
b8af3f47-e714-4905-a223-745553189de3,electric.house,resell,,,high,low,8,"Spaceship, Inc.",05/01/2021 00:41,05/01/2027 00:41,26/09/2026 05:47
f0c4bb01-ddc8-430e-aec0-243c126c24a7,rotfl.house,available,27.99,,medium,low,5,name.com,,,
97327821-a808-4af3-8144-ef4f77cd4d32,brown.house,resell,,,high,low,5,"Spaceship, Inc.",21/06/2021 08:20,21/06/2027 08:20,26/09/2026 04:38
0f58fe08-73f7-451e-a023-7626e41a1970,relocations.house,available,19.99,44.49,high,low,11,namesilo,,,21/09/2026 08:41
4f48c12a-2d2a-4a70-b61d-17afc53070d7,apartheid.house,available,12.98,55.98,medium,low,9,namecheap,,,19/09/2026 16:15
27ef5d99-fe72-4f4b-8c10-54804602f28f,anglerfish.house,available,19.99,44.49,medium,low,10,namesilo,,,18/09/2026 11:41
5231eee2-dcbf-4376-9942-e84b99bc8f54,costal.house,available,12.98,55.98,medium,low,6,namecheap,,,13/08/2026 03:04
abd64fee-a823-4c7b-98f5-b6fc568be040,gibber.house,available,19.99,44.49,medium,low,6,namesilo,,,23/09/2026 23:36
5b77fbfc-8499-4e69-8487-5607dd0ccbf2,extropic.house,available,12.98,55.98,medium,low,8,namecheap,,,17/08/2026 19:38
7e06ba39-604f-48ee-900f-977bce11dc25,culprit.house,available,19.99,44.49,medium,low,7,namesilo,,,01/10/2026 01:38
6ba94d0b-40bf-4866-ab7b-95f2666487c0,aerial.house,available,12.98,55.98,high,low,6,namecheap,,,
b3c7b0db-bae4-4694-a116-277f0fbf5646,beady.house,available,12.98,55.98,medium,low,5,namecheap,,,09/08/2026 03:23
e280b23f-a768-4e9e-af81-026225e8a82d,fanciful.house,available,12.98,55.98,high,low,8,namecheap,,,17/08/2026 21:56
8a6417ff-89d6-403d-b1b8-d33c4fa93741,fiendish.house,available,12.98,55.98,medium,low,8,namecheap,,,14/08/2026 01:31
eb25aa4f-22ce-4720-9b21-34d7bb807473,lonnie.house,available,12.98,55.98,medium,low,6,namecheap,,,30/09/2026 13:21
2f297389-1cd1-4c8b-9782-d63af0ae0dac,semester.house,available,19.99,44.49,high,low,8,namesilo,,,28/09/2026 06:43
ab950e30-1524-43b6-bdf7-cac5134ed91b,anabaptist.house,available,12.98,55.98,medium,low,10,namecheap,,,19/09/2026 00:49
ddf1a941-4432-40b7-9615-e561637fdf61,conceive.house,available,34.2,34.2,high,low,8,cloudflare,,,29/09/2026 14:04
1452fe6a-16b6-4bdf-ae8a-d40d597b055f,caudal.house,available,12.98,55.98,high,low,6,namecheap,,,11/08/2026 22:22
7ec2f6b6-4af4-489c-a10e-a006f6b574a6,pre.house,resell,,,high,low,3,Dynadot Inc,22/01/2026 17:00,22/01/2027 17:00,26/09/2026 08:17
6c36a900-0e42-4680-adef-6f59f3e3dba0,trousers.house,available,27.99,,high,low,8,name.com,,,
a4018da1-09bd-4cee-bd9a-7cc753a28e2f,unanswered.house,available,12.98,55.98,medium,low,10,namecheap,,,12/09/2026 00:43
7fea40ea-af4f-4484-9ba1-c376359f22e8,unjust.house,available,12.98,55.98,medium,low,6,namecheap,,,22/08/2026 03:49
513994ca-dc29-409a-bc8d-7662ec1eb8fe,streak.house,available,11.59,35.39,high,low,6,spaceship,,,27/09/2026 11:41
d805396c-4b01-4ee4-8961-f2a366e8dfd0,emir.house,available,27.99,58.99,high,low,4,name.com,,,18/09/2026 17:55
563d65c7-eb40-43dd-a974-d54d00be3273,compute.house,available,19.99,44.49,high,low,7,namesilo,,,19/09/2026 14:03
62287c6f-157f-49a9-a2fd-72bcbfbe1804,palladio.house,available,19.99,44.49,high,low,8,namesilo,,,19/09/2026 04:26
74f33573-06b7-44ce-8183-4de5bed791bf,enumerable.house,available,12.98,55.98,high,low,10,namecheap,,,13/08/2026 03:30
c71d9946-11e9-491a-ad74-dec18cc88a47,expound.house,available,12.98,55.98,medium,low,7,namecheap,,,16/08/2026 00:37
e47b0132-db4b-4dd6-a038-e1842cb0a83a,attenuate.house,available,12.98,55.98,medium,low,9,namecheap,,,07/08/2026 15:21
84cf2f07-5b85-4712-b6ff-d361388f4b7f,menopause.house,available,15.2,36.6,high,low,9,dynadot,,,30/09/2026 16:40
4a759b5f-7a50-4f64-885e-e3f40a86de94,executing.house,available,11.59,35.39,medium,low,9,spaceship,,,29/09/2026 07:22
88be0644-4ab5-4133-b92a-1f2370ee252a,halab.house,available,19.99,44.49,medium,low,5,namesilo,,,18/09/2026 05:12
12aebce8-f7ed-4f0d-9278-0c1da9eea243,waxed.house,available,12.98,55.98,high,low,5,namecheap,,,13/09/2026 08:40
d061fa45-5dc5-45a8-8283-03d16ce76d86,heartsease.house,available,19.99,44.49,medium,low,10,namesilo,,,20/09/2026 19:40
85864865-aea1-4fd8-8ed4-02eee5906c17,agitprop.house,available,12.98,55.98,medium,low,8,namecheap,,,17/09/2026 18:14
e7960258-fc69-49a3-b806-3833cfeac6ac,endermic.house,available,12.98,55.98,medium,low,8,namecheap,,,17/08/2026 00:56
9b63d33b-cc26-4f88-935c-32e2aaa7a162,grecian.house,available,12.98,55.98,high,low,7,namecheap,,,20/08/2026 19:44
0d72730b-e83d-4c8b-a789-45535c06f8bb,manslaughter.house,available,18.5,,medium,low,12,unstoppable,,,28/09/2026 22:46
8dc96f3a-f018-4c4c-87bd-4e944d9a9f67,presenter.house,available,12.98,55.98,high,low,9,namecheap,,,23/09/2026 10:46
7fce2866-d4e8-4ba0-97b7-5f3db45a58d6,ven.house,available,19.99,44.49,medium,low,3,namesilo,,,29/09/2026 16:15
ab0fb0fb-ec8d-4199-acb1-38f84418beba,wanna.house,available,19.99,44.49,high,low,5,namesilo,,,26/09/2026 00:48
15f1a9a1-3e63-4d78-a51c-db1926effc40,blacktail.house,available,19.99,44.49,medium,low,9,namesilo,,,23/09/2026 23:51
c7e0a24f-e765-4ae9-84f2-fe9a93f59194,shorted.house,available,12.98,55.98,high,low,7,namecheap,,,20/09/2026 16:13
48d300fe-8dcf-4c18-bde0-62c28a09fe7d,props.house,available,18.5,,high,low,5,unstoppable,,,29/09/2026 07:55
e5b590ad-233c-4503-a83e-edc6c92eaea5,truths.house,available,14.93,35.53,medium,low,6,porkbun,,,30/09/2026 06:17
13e8186d-c977-4e78-8264-cdae7800e550,altace.house,available,12.98,55.98,medium,low,6,namecheap,,,18/09/2026 14:31
bdc1f978-ff1d-4af3-bb36-5f530afb14a3,hybrid.house,premium,78.54,78.54,high,low,6,namesilo,,,25/09/2026 07:10
b09cf3ff-ec0e-4015-8e60-c3ba955513f5,symbols.house,available,11.59,35.39,medium,low,7,spaceship,,,29/09/2026 04:46
423bfb8b-4527-4af7-9df9-9ef276c7c443,fragments.house,available,12.98,55.98,low,low,9,namecheap,,,29/09/2026 05:00
aa81b69e-fab0-4b60-9d34-0a778ebe751e,haywood.house,available,19.99,44.49,medium,low,7,namesilo,,,23/09/2026 14:07
aae5b693-5fac-468e-8c94-5c4bf26f4cff,borgia.house,available,19.99,44.49,medium,low,6,namesilo,,,18/09/2026 05:55
f134c0f9-ac7b-4e84-82ad-49cf85062f0f,astarte.house,available,19.99,44.49,medium,low,7,namesilo,,,20/09/2026 14:01
b9fa2a6e-593b-4f11-b82e-f42e63c990c6,lacerate.house,available,12.98,55.98,medium,low,8,namecheap,,,22/08/2026 17:51
11599877-efed-4956-a8fd-1290d310ecf1,dissatisfied.house,available,18.5,,medium,low,12,unstoppable,,,29/09/2026 21:05
e0ac32c4-93dd-463d-a383-f9e315350f72,lenticular.house,available,12.98,55.98,high,low,10,namecheap,,,09/08/2026 19:26
637372d1-0b5f-494b-b7a2-7d4ca020c562,disturbing.house,available,12.98,55.98,medium,low,10,namecheap,,,14/08/2026 13:16
1ae7d4b8-77d6-4179-aa6d-c2d647515485,accusal.house,available,12.98,55.98,medium,low,7,namecheap,,,16/09/2026 23:22
1f0e1551-bd6b-46c5-84da-149dda504183,vindictive.house,available,12.98,55.98,medium,low,10,namecheap,,,14/08/2026 04:21
14cbb8b4-fa13-40a9-90c3-aa910953ba51,gasoline.house,available,19.99,44.49,high,low,8,namesilo,,,27/09/2026 13:38
2fdefc40-ac45-4738-9e83-511a5e5d8484,gallo.house,available,19.99,44.49,medium,low,5,namesilo,,,28/09/2026 23:17
08b4ca90-c1c9-4ed0-b717-76f0410e888a,elmer.house,available,14.93,35.53,medium,low,5,porkbun,,,29/09/2026 03:21
7a89d3f4-431c-4094-be97-a742b155fc41,heap.house,available,12.98,55.98,high,low,4,namecheap,,,25/08/2026 00:28
c0393935-aee6-460c-953a-095cd6d714ef,allophone.house,available,12.98,55.98,medium,low,9,namecheap,,,18/09/2026 12:02
3b5c3b37-401e-4d58-bf98-a07c70389909,rodney.house,available,19.99,44.49,high,low,6,namesilo,,,28/09/2026 03:52
18f074db-afc2-4323-9050-fe1154569168,diverted.house,available,12.98,55.98,high,low,8,namecheap,,,
9c172350-a1ce-4364-a2f8-dc5bb85e5abc,lowest.house,available,12.98,55.98,medium,low,6,namecheap,,,22/08/2026 20:22
7f3f0b82-60d1-45a9-bbf4-7930592c2c3a,dishonest.house,available,12.98,55.98,medium,low,9,namecheap,,,11/08/2026 03:44
f7dcc22e-d913-4323-b2f0-f7fa0e0a738d,monkey.house,resell,,,high,medium,6,Dynadot Inc,15/01/2019 23:41,15/01/2027 23:41,30/09/2026 05:09
5f607d1c-3aea-47ed-8f47-76ae5eaeb0a3,adoringly.house,available,12.98,55.98,medium,low,9,namecheap,,,13/09/2026 17:23
b79cd0d1-61d4-4cd3-9754-dcac5776c534,consciously.house,available,11.59,35.39,medium,low,11,spaceship,,,30/09/2026 20:00
918e126d-96a5-48fe-a9d0-1ecaf3052ea4,frosted.house,available,12.98,55.98,high,low,7,namecheap,,,18/08/2026 16:22
97fe10b3-0843-4da6-bc3d-968dd374154d,ernest.house,premium,66.5,,high,low,6,unstoppable,,,28/09/2026 11:52
81cb6d51-d073-46d0-b13e-5c56baf40ebd,sneezewort.house,available,19.99,44.49,medium,low,10,namesilo,,,17/09/2026 00:38
bb550d60-3835-4eb2-aabe-06a87fb1d3cf,inn.house,resell,,,high,low,3,"Spaceship, Inc.",01/06/2026 15:13,01/06/2027 15:13,26/09/2026 06:52
57c24949-1b5a-47d9-b9cd-107fea368147,vibrations.house,available,19.99,44.49,medium,low,10,namesilo,,,29/09/2026 23:57
0d0e7e57-b224-45d5-be61-ac1f2066d985,epical.house,available,12.98,55.98,medium,low,6,namecheap,,,17/08/2026 10:29
8bc2909f-e8ce-4225-b1cc-b80bf8f98401,paroxysmal.house,available,12.98,55.98,medium,low,10,namecheap,,,08/09/2026 01:54
76c986f1-5702-4ce1-9c62-aa1db9eac3b0,screamer.house,available,19.99,44.49,medium,low,8,namesilo,,,22/09/2026 17:00
d9d032f3-96da-4eaa-b2de-c5cf2b44b9be,methane.house,available,11.59,35.39,medium,low,7,spaceship,,,29/09/2026 13:25
ac1c3de6-52b7-4e97-ac28-ee79f05fee7f,palaces.house,available,12.98,55.98,medium,low,7,namecheap,,,30/09/2026 23:50
3a767e50-99d1-442c-a731-7731c951d051,anthropic.house,available,,,high,high,9,,,,
f49b8fa2-d415-4886-8605-4a53dba5bd0e,farmstand.house,available,27.99,,medium,low,10,name.com,,,
5a557673-8de1-48c7-ac75-04ffd99d741f,epos.house,available,12.98,55.98,high,low,4,namecheap,,,17/08/2026 10:28
2597f092-0610-410d-b69c-f3d9d101615e,discoveries.house,available,34.2,34.2,low,low,11,cloudflare,,,30/09/2026 06:23
1d2624ef-2846-4cf1-9f62-c71f0ca16b3e,situation.house,available,15.2,36.6,high,low,9,dynadot,,,29/09/2026 02:15
73d0bb85-aa16-4318-b8d4-21c42682aac7,coercive.house,available,12.98,55.98,medium,low,8,namecheap,,,12/08/2026 15:24
63930940-4cdc-42e1-9636-765fe1afb2e4,holes.house,available,27.99,,medium,low,5,name.com,,,
3fe7c75e-4d38-49a0-91fa-a41200bd2e30,grenville.house,available,12.98,55.98,medium,low,9,namecheap,,,29/09/2026 04:31
69f36384-ae0a-4596-b6a1-45705411581c,rac.house,available,11.59,35.39,high,low,3,spaceship,,,30/09/2026 04:10
579ca8db-2623-4dca-8b61-b20d546e0f17,quinn.house,premium,85.8,85.8,high,low,5,namecheap,,,25/09/2026 21:10
75aed3b3-1c1c-4311-97c9-c5eaf374ffe9,lunatic.house,available,27.99,58.99,medium,low,7,name.com,,,13/08/2026 17:47
313f8cd6-a3be-47dc-a8b7-50e824d8dbfe,darkened.house,available,27.99,58.99,medium,low,8,name.com,,,13/08/2026 18:08
b5a1f4a8-8d06-48ec-b1d6-da7a34f5a4a9,bollard.house,available,19.99,44.49,medium,low,7,namesilo,,,23/09/2026 22:48
14ad3e91-ebb5-4200-85c7-bd89fad84a8a,sewer.house,available,19.99,44.49,medium,low,5,namesilo,,,28/09/2026 15:19
47eec48b-2bb6-4a34-8923-b098fe3d77e1,durable.house,available,19.99,44.49,high,low,7,namesilo,,,24/09/2026 12:29
b15d67cb-28f9-4d8e-a337-b48d82b5c861,animals.house,available,27.99,,high,low,7,name.com,,,
75a5cce9-e1fd-44e2-b5e3-852eae6688bf,manageable.house,available,12.98,55.98,high,low,10,namecheap,,,28/09/2026 15:51
938b6785-f53a-41a1-8d48-a8ccc4f9d30b,outgoing.house,available,12.98,55.98,high,low,8,namecheap,,,18/08/2026 12:37
f9b0e268-7584-4f35-ab18-e9713b116c6c,reacting.house,available,34.2,34.2,medium,low,8,cloudflare,,,30/09/2026 15:00
88b8af8e-605e-4f7a-8772-cf81d86eccad,processor.house,available,11.59,35.39,high,low,9,spaceship,,,29/09/2026 11:51
6830d885-d767-4003-8a87-004402872535,braxton.house,available,19.99,44.49,medium,low,7,namesilo,,,29/09/2026 11:12
e2766e98-8dc1-4713-877f-b25f7ff48dc8,bosomed.house,available,12.98,55.98,medium,low,7,namecheap,,,10/08/2026 20:23
c00f4ea9-0141-42ed-aaab-461b8aa3c20e,ungoverned.house,available,12.98,55.98,medium,low,10,namecheap,,,12/09/2026 04:36
8b986ecd-21f0-4fd8-a190-b5f231d1342c,shucks.house,available,27.99,58.99,medium,low,6,name.com,,,13/08/2026 16:16
15d6baa9-d022-4630-827a-c7aa55cc2818,unknowable.house,available,12.98,55.98,medium,low,10,namecheap,,,12/09/2026 14:17
01028346-2f0d-4b2e-8d0b-901ac3e0ad69,exploits.house,available,14.93,35.53,medium,low,8,porkbun,,,30/09/2026 15:37
2fbf2895-4619-47fb-98b2-574585f21f10,apostasy.house,available,12.98,55.98,medium,low,8,namecheap,,,19/09/2026 19:16
ca4ed1d2-ccbb-4f16-be77-c903081005b4,subdued.house,available,12.98,55.98,medium,low,7,namecheap,,,14/08/2026 07:54
c14c3184-7d8b-4658-9391-0516649e39c6,browbeat.house,available,12.98,55.98,medium,low,8,namecheap,,,11/08/2026 08:53
c177cc6c-5de2-4959-8a0d-42876f53a157,loosen.house,available,19.99,44.49,high,low,6,namesilo,,,29/09/2026 20:44
c2b52518-366a-407a-8b33-28e434aaaa99,assignable.house,available,12.98,55.98,medium,low,10,namecheap,,,07/08/2026 06:19
c62797c9-6da2-4cae-9aa6-de755c390b69,debating.house,available,19.99,44.49,medium,low,8,namesilo,,,29/09/2026 05:52
d97f0dfc-1cdb-43d7-88d0-f94cb9049180,exploit.house,available,11.59,35.39,high,low,7,spaceship,,,28/09/2026 19:08
035688aa-18d8-47d6-b24e-8ff824786b9c,crossed.house,available,12.98,55.98,high,low,7,namecheap,,,13/08/2026 08:18
f1c1f555-aa63-42f1-80b2-9f753ad86208,autarchy.house,available,19.99,44.49,medium,low,8,namesilo,,,21/09/2026 05:05
41b18bf5-07bc-4d59-b76e-d8cfa5f85a5a,whoreson.house,available,12.98,55.98,low,low,8,namecheap,,,08/08/2026 23:43
3d3fdf40-d6ad-4459-90af-388d66f53d60,philosophy.house,available,11.59,35.39,high,low,10,spaceship,,,27/09/2026 13:03
4753d88c-3ed0-4edd-b4ef-5dd82fad14f1,stack.house,resell,,,high,medium,5,Dynadot Inc,01/03/2025 15:15,01/03/2028 15:15,26/09/2026 09:15
b948c826-2578-463b-b0af-daaca06016db,pappa.house,available,12.98,55.98,high,low,5,namecheap,,,08/09/2026 23:42
704ab9ef-8648-44f9-8d99-ff9396e2c515,yobo.house,available,12.98,55.98,medium,low,4,namecheap,,,11/08/2026 08:48
317f7008-b5ec-4f00-806e-dc4545298a42,thursday.house,available,18.5,,high,low,8,unstoppable,,,30/09/2026 13:11
843a7081-c812-41df-92fe-33af5b5827bc,ignescent.house,available,12.98,55.98,medium,low,9,namecheap,,,21/08/2026 18:22
60766249-627f-4d57-b731-961b09c94111,stuffer.house,available,19.99,44.49,medium,low,7,namesilo,,,19/09/2026 08:48
1677de60-07c2-4554-a326-8427179aff6e,evoked.house,available,12.98,55.98,medium,low,6,namecheap,,,16/08/2026 04:33
f5a0c464-938c-413d-94b9-b8fa91580fda,banging.house,available,12.98,55.98,high,low,7,namecheap,,,08/08/2026 13:03
90b875c9-f4f8-46c4-b0ed-aa2ebfcd69e8,galway.house,available,11.59,35.39,high,low,6,spaceship,,,28/09/2026 09:51
61b2d0a3-90a8-4aad-8b3f-8708e1c5bcec,faithfully.house,available,12.98,55.98,high,low,10,namecheap,,,14/09/2026 11:42
5450f93e-02fc-4f97-ac6d-d48ea0e997c6,destinies.house,available,19.99,44.49,high,low,9,namesilo,,,20/09/2026 07:12
fab2773a-808d-4e1d-a07d-185e059dd2b5,terrific.house,available,19.99,44.49,high,low,8,namesilo,,,25/09/2026 00:17
16611ef4-2144-41b8-b507-99a03be99ec7,prostatic.house,available,12.98,55.98,medium,low,9,namecheap,,,09/09/2026 03:53
9401e92f-3e59-4135-920e-95f17307fd20,sewn.house,available,12.98,55.98,medium,low,4,namecheap,,,10/09/2026 05:07
f84875c9-4d1a-4ea5-bb11-02e596b9f695,markham.house,available,11.59,35.39,high,low,7,spaceship,,,27/09/2026 20:59
542e62f0-073e-4963-b2f1-d304616fb984,overstated.house,available,12.98,55.98,medium,low,10,namecheap,,,17/08/2026 15:36
99c938df-1b36-458d-a457-74ddb0e2c188,dependable.house,available,12.98,55.98,high,low,10,namecheap,,,14/08/2026 02:04
7c0ee26d-a02d-41a8-8da6-0ac449e84aba,footwear.house,available,34.2,34.2,high,low,8,cloudflare,,,01/10/2026 03:31
6bfe6dfe-b1fb-4263-b7b0-0deb4c917e23,higher.house,available,19.99,44.49,high,low,6,namesilo,,,01/10/2026 02:01
eb03a4b7-10c5-4657-b5d9-572340035375,salmagundi.house,available,12.98,55.98,medium,low,10,namecheap,,,25/08/2026 08:22
3d03aab0-4ed1-4e53-a76a-1784c4ecbac3,rtc.house,available,12.98,55.98,high,low,3,namecheap,,,30/09/2026 12:40
233e457b-be1e-481a-b772-b9938a3d4e4c,generic.house,available,12.98,55.98,high,low,7,namecheap,,,28/09/2026 07:54
ac704cd2-b308-43e5-b4ed-5cee785b113b,demented.house,available,12.98,55.98,medium,low,8,namecheap,,,11/08/2026 01:46
da4b2115-8694-4646-99db-3a6fa0f13429,psd.house,available,18.5,,high,low,3,unstoppable,,,29/09/2026 21:36
99e7bec5-b61a-4791-b1fd-0daf67857aa6,seamy.house,available,12.98,55.98,medium,low,5,namecheap,,,10/09/2026 00:49
1968279e-08cd-4684-857d-34a857401ba6,credendum.house,available,12.98,55.98,medium,low,9,namecheap,,,20/09/2026 11:13
738bc44e-e223-46a2-aa6c-3ba4ca988b69,imitating.house,available,11.59,35.39,high,low,9,spaceship,,,30/09/2026 20:05
9610cfaf-46cc-4335-9a75-e967bef66077,washable.house,available,12.98,55.98,high,low,8,namecheap,,,13/09/2026 08:29
bcafc928-a888-4012-ba48-a7767af2e1d0,leash.house,available,12.98,55.98,high,low,5,namecheap,,,
30def60a-969f-4707-9ceb-6774129b350e,nebulizer.house,available,19.99,44.49,high,low,9,namesilo,,,21/09/2026 00:21
339baaa0-709b-4e33-b99e-a55f0582072f,ape.house,resell,,,high,low,3,"Sav.com, LLC",19/11/2025 08:36,19/11/2026 08:36,26/09/2026 03:55
16823775-9147-4ec1-92ad-8cbe70dcca19,woeful.house,available,12.98,55.98,medium,low,6,namecheap,,,17/08/2026 16:46
dcb7ceb1-1e27-46bc-a1d4-fceef7a36258,intent.house,available,,,high,low,6,,,,
92cbbaf9-cf4c-4f3e-8c7d-9227b8167e93,slap.house,resell,,,high,low,4,Dynadot Inc,30/06/2026 12:53,30/06/2027 12:53,26/09/2026 09:04
e0dffa07-09b8-48db-9ecf-3c94759d1782,cranes.house,available,18.5,,medium,low,6,unstoppable,,,01/10/2026 00:39
898a16e4-3a17-4671-86ca-e8538564d985,para.house,available,12.98,55.98,high,low,4,namecheap,,,23/09/2026 04:51
866ca52f-cd63-4722-91cc-e547056a06e7,nominal.house,available,12.98,55.98,high,low,7,namecheap,,,03/09/2026 18:17
6bc04c8c-fe38-41a5-91a5-6e4ffcf1871e,monotone.house,available,12.98,55.98,high,low,8,namecheap,,,25/08/2026 05:25
ed1c0d3f-543f-4d7d-ab1a-fc7b6fe25780,naples.house,premium,68.51,68.51,medium,low,6,spaceship,,,29/09/2026 07:39
f1f81bb1-2774-415e-90d4-153a0989c4af,elbe.house,available,11.59,35.39,medium,low,4,spaceship,,,28/09/2026 19:03
5d802b15-c48f-4caa-bb95-4bf76dcef687,abidance.house,available,19.99,44.49,medium,low,8,namesilo,,,16/09/2026 15:33
e28b7859-3974-484c-a21c-ff48f6da9bfd,rocker.house,available,34.2,34.2,high,low,6,cloudflare,,,30/09/2026 10:59
ea887f6b-5245-4d4c-b968-108877ad7fe3,served.house,available,12.98,55.98,high,low,6,namecheap,,,25/09/2026 17:23
94687234-6cb6-45e1-8776-2720aae11e4f,formidable.house,available,12.98,55.98,high,low,10,namecheap,,,18/08/2026 12:12
3e825f25-dd8b-497e-a3dc-73c7de8cefc5,infection.house,available,27.99,58.99,medium,low,9,name.com,,,27/09/2026 04:34
1e501ad7-3a6b-48a4-92e4-b8157c555068,adrenaline.house,available,19.99,44.49,high,low,10,namesilo,,,17/09/2026 09:55
1c3aff71-b99e-41ac-baf1-651939460cee,fishes.house,available,19.99,44.49,medium,low,6,namesilo,,,17/09/2026 06:49
ec02c59a-4ea1-4339-989f-aecd0206a4f3,fosamax.house,available,19.99,44.49,medium,low,7,namesilo,,,18/09/2026 05:11
d36dc1d8-e57f-4070-aeaf-613b0d117816,extensible.house,available,12.98,55.98,medium,low,10,namecheap,,,17/08/2026 19:03
f972696d-df56-4c8b-b369-8f7461ad1a6e,alnus.house,available,19.99,44.49,medium,low,5,namesilo,,,18/09/2026 12:53
dc0791d9-85e3-46f8-ac0c-6c63b56f3e15,informative.house,available,27.99,,high,low,11,name.com,,,
dee56e4b-655f-453e-b75c-4674500023c3,jitney.house,available,12.98,55.98,medium,low,6,namecheap,,,21/09/2026 05:56
fab062f0-6a59-4bcf-9ed7-19d4bd667a08,algebraic.house,available,12.98,55.98,medium,low,9,namecheap,,,
418b65e2-5346-48cd-86a3-02ae9138f3d3,counselor.house,available,18.5,,high,low,9,unstoppable,,,28/09/2026 13:47
7b2cb52c-82cc-47ad-9379-fd607be03b29,ennead.house,available,12.98,55.98,medium,low,6,namecheap,,,
375aeed4-9005-4a70-9689-2635c187236d,razed.house,available,12.98,55.98,medium,low,5,namecheap,,,14/08/2026 01:24
af847c9f-93da-411a-8acd-af141f961897,gamey.house,available,12.98,55.98,medium,low,5,namecheap,,,18/08/2026 19:57
5e0fc953-669c-4c56-9a35-fc16c9b416f7,divided.house,available,12.98,55.98,medium,low,7,namecheap,,,14/08/2026 13:42
9ebf5a40-aaca-4a66-9913-95cbe3818a3c,messianic.house,available,12.98,55.98,medium,low,9,namecheap,,,24/08/2026 21:22
13d5f9ea-4cd0-4740-aee7-1142e50cf4a8,condone.house,available,19.99,44.49,high,low,7,namesilo,,,30/09/2026 17:43
cfe4b2b9-f04f-49c1-aa71-4134d13d260b,rube.house,available,12.98,55.98,medium,low,4,namecheap,,,21/08/2026 08:03
1ca03dc5-f1c0-482b-8a0f-f6f489822f6c,herbs.house,available,19.99,44.49,high,low,5,namesilo,,,17/09/2026 01:23
e07a4897-3e14-475f-9822-756790a9191e,chinchy.house,available,12.98,55.98,medium,low,7,namecheap,,,12/08/2026 05:42
09644997-d2a2-4068-bfc6-dc7c8c25865a,hooligan.house,available,12.98,55.98,medium,low,8,namecheap,,,11/08/2026 08:39
d697f2c3-743b-4073-86d2-3f2126d7713f,downhill.house,available,12.98,55.98,medium,low,8,namecheap,,,13/08/2026 21:49
9a06bbc7-34f1-452f-8987-9d733670562d,winn.house,available,18.5,,high,low,4,unstoppable,,,29/09/2026 15:04
6d49f96c-16cf-407b-980b-970ea947ad11,wrist.house,available,19.99,44.49,high,low,5,namesilo,,,28/09/2026 22:18
bdfbff4f-a5e4-4b3f-92f2-b3edf057deb4,hands.house,available,12.98,55.98,high,low,5,namecheap,,,08/09/2026 04:01
f83f155c-8074-4d21-b583-ee4fc3e96e2b,variables.house,available,27.99,,medium,low,9,name.com,,,
92560ef5-6b8a-4414-9673-1b93fd482bc7,regardless.house,available,19.99,44.49,high,low,10,namesilo,,,27/09/2026 11:13
8a9a30e6-5cb5-431f-86f5-98f359471595,althaea.house,available,19.99,44.49,medium,low,7,namesilo,,,18/09/2026 14:53
25bb7d97-8d0e-4ca9-80f5-f82d7f5a505f,sycophant.house,available,19.99,44.49,medium,low,9,namesilo,,,20/09/2026 15:34
1df76438-3f45-4208-b98f-e1d86f25cb21,dullard.house,available,12.98,55.98,low,low,7,namecheap,,,10/09/2026 23:07
19c5bde8-1ce3-4dd7-84aa-0c352d302c68,satyrical.house,available,12.98,55.98,medium,low,9,namecheap,,,09/09/2026 21:57
5c7667b1-406e-4e0b-adee-616cbc3d0844,backbench.house,available,12.98,55.98,high,low,9,namecheap,,,21/09/2026 15:00
daa3aaee-5574-4924-9c80-bb15c9f699fa,immovable.house,available,12.98,55.98,high,low,9,namecheap,,,21/08/2026 21:17
9a7cd516-f9cd-44e3-a6b4-8152f1883086,volleyball.house,available,19.99,44.49,high,low,10,namesilo,,,30/09/2026 14:37
603a41d2-90ad-4050-af6e-ca83b721fc0c,behave.house,available,19.99,44.49,high,low,6,namesilo,,,30/09/2026 15:41
34a98ba9-2831-4208-9eda-98f75776cfe7,designate.house,available,12.98,55.98,high,low,9,namecheap,,,14/08/2026 03:42
cfcc86a2-657c-4d26-a364-0d023d5f99c9,switchboard.house,available,15.2,36.6,high,low,11,dynadot,,,01/10/2026 05:46
ee37e40f-545e-45eb-8f40-364bc8716447,sentiment.house,available,12.98,55.98,high,low,9,namecheap,,,28/09/2026 15:00
2cdc2a5c-dabc-487d-b097-296d617736d5,compliant.house,available,19.99,44.49,high,low,9,namesilo,,,23/09/2026 17:44
69eca8dc-6a11-416a-a2fa-8fab85d675a4,adjuster.house,available,19.99,44.49,high,low,8,namesilo,,,17/09/2026 08:32
91ea9ee2-96ef-4144-b9c7-32c3f20ea64c,cocotte.house,available,27.99,58.99,medium,low,7,name.com,,,13/08/2026 14:14
e5669c98-eff0-40be-97b0-e90e408a3525,tannish.house,available,12.98,55.98,medium,low,7,namecheap,,,11/09/2026 08:03
03f36045-2a96-4a9a-b3c1-ee0f6e4f53c6,berceuse.house,available,19.99,44.49,high,low,8,namesilo,,,23/09/2026 09:10
45e6bb96-f2c8-44e5-ad51-767a16586d1a,teresa.house,available,12.98,55.98,high,low,6,namecheap,,,17/09/2026 18:40
ed3d944c-0072-45a3-b3bf-68ed6b94dd8e,gmc.house,available,11.59,35.39,high,low,3,spaceship,,,30/09/2026 11:50
61890691-235e-4452-8fb7-ea3ee3977f4e,hammered.house,available,12.98,55.98,medium,low,8,namecheap,,,20/08/2026 22:59
d4020116-6d44-4436-adf0-a84d0800e96c,wispy.house,available,12.98,55.98,medium,low,5,namecheap,,,13/09/2026 12:43
8464e6c6-6ac3-4c50-b2b4-4930df5cff03,harbin.house,available,12.98,55.98,medium,low,6,namecheap,,,29/09/2026 22:05
1d8b9e48-8d14-46ba-b692-0983e9b34531,sakhalin.house,available,11.59,35.39,medium,low,8,spaceship,,,30/09/2026 21:09
6afd0e45-c659-42f3-a12e-b7afeb472f3a,wasting.house,available,19.99,44.49,medium,low,7,namesilo,,,21/09/2026 00:58
78cdedf5-f0ea-4597-9a47-8d92197e53f1,venushair.house,available,19.99,44.49,medium,low,9,namesilo,,,17/09/2026 08:07
11fd6a94-4e26-4e43-ac8c-608b8d71edc1,sham.house,available,12.98,55.98,medium,low,4,namecheap,,,07/08/2026 08:06